/*
  # Seed Sample Data for Yorke Holidays CRM

  This migration creates comprehensive sample data for all tables with logical relationships
  and realistic data that demonstrates the full functionality of the system.
*/

-- Insert sample users with different roles
INSERT INTO users (id, email, name, role, status, region, phone, department) VALUES
('550e8400-e29b-41d4-a716-446655440001', 'agent1@yorkeholidays.com', 'Rajesh Kumar', 'Travel Agent', 'Active', 'Mumbai', '+91 9876543210', 'Sales'),
('550e8400-e29b-41d4-a716-446655440002', 'agent2@yorkeholidays.com', 'Priya Sharma', 'Travel Agent', 'Active', 'Delhi', '+91 9876543211', 'Sales'),
('550e8400-e29b-41d4-a716-446655440003', 'agent3@yorkeholidays.com', 'Amit Singh', 'Travel Agent', 'Active', 'Bangalore', '+91 9876543212', 'Sales'),
('550e8400-e29b-41d4-a716-446655440004', 'admin1@yorkeholidays.com', 'Sarah Johnson', 'Basic Admin', 'Active', 'Mumbai', '+91 9876543213', 'Operations'),
('550e8400-e29b-41d4-a716-446655440005', 'admin2@yorkeholidays.com', 'Vikram Patel', 'Basic Admin', 'Active', 'Delhi', '+91 9876543214', 'Operations'),
('550e8400-e29b-41d4-a716-446655440006', 'superadmin@yorkeholidays.com', 'Michael Chen', 'Super Admin', 'Active', 'Mumbai', '+91 9876543215', 'Management'),
('550e8400-e29b-41d4-a716-446655440007', 'agent4@yorkeholidays.com', 'Sneha Reddy', 'Travel Agent', 'Active', 'Chennai', '+91 9876543216', 'Sales'),
('550e8400-e29b-41d4-a716-446655440008', 'agent5@yorkeholidays.com', 'Arjun Nair', 'Travel Agent', 'Active', 'Kochi', '+91 9876543217', 'Sales'),
('550e8400-e29b-41d4-a716-446655440009', 'agent6@yorkeholidays.com', 'Kavya Menon', 'Travel Agent', 'Pending', 'Goa', '+91 9876543218', 'Sales'),
('550e8400-e29b-41d4-a716-446655440010', 'admin3@yorkeholidays.com', 'Ravi Gupta', 'Basic Admin', 'Active', 'Bangalore', '+91 9876543219', 'Operations'),
('550e8400-e29b-41d4-a716-446655440011', 'agent7@yorkeholidays.com', 'Deepika Rao', 'Travel Agent', 'Active', 'Hyderabad', '+91 9876543220', 'Sales'),
('550e8400-e29b-41d4-a716-446655440012', 'agent8@yorkeholidays.com', 'Rohit Joshi', 'Travel Agent', 'Inactive', 'Pune', '+91 9876543221', 'Sales')
ON CONFLICT (id) DO NOTHING;

-- Insert sample cruises with comprehensive details
INSERT INTO cruises (id, name, image, from_location, to_location, duration, departure_dates, amenities, price_per_person, room_types, meal_plans, description, ship_type, cruise_line, capacity, featured) VALUES
('650e8400-e29b-41d4-a716-446655440001', 'Royal Caribbean Explorer', 'https://images.pexels.com/photos/804463/pexels-photo-804463.jpeg', 'Mumbai', 'Goa', 7, ARRAY['2024-04-15', '2024-04-22', '2024-04-29', '2024-05-06'], ARRAY['Swimming Pool', 'Spa', 'Casino', 'Theater', 'Rock Climbing', 'Mini Golf'], 45000, ARRAY['Interior', 'Ocean View', 'Balcony', 'Suite'], ARRAY['All Inclusive', 'Premium Plus', 'Basic Plus'], 'Experience luxury on the Arabian Sea with world-class amenities and entertainment.', 'Mega Ship', 'Royal Caribbean', 3000, true),
('650e8400-e29b-41d4-a716-446655440002', 'Celebrity Infinity', 'https://images.pexels.com/photos/1183099/pexels-photo-1183099.jpeg', 'Chennai', 'Kochi', 5, ARRAY['2024-04-20', '2024-04-27', '2024-05-04', '2024-05-11'], ARRAY['Fine Dining', 'Spa', 'Library', 'Art Gallery', 'Fitness Center'], 38000, ARRAY['Interior', 'Ocean View', 'Balcony', 'Suite'], ARRAY['All Inclusive', 'Premium Plus', 'Basic Plus'], 'Elegant cruising along India''s western coast with premium dining and cultural experiences.', 'Premium Ship', 'Celebrity Cruises', 2500, true),
('650e8400-e29b-41d4-a716-446655440003', 'Norwegian Gem', 'https://images.pexels.com/photos/261102/pexels-photo-261102.jpeg', 'Goa', 'Mangalore', 4, ARRAY['2024-04-18', '2024-04-25', '2024-05-02', '2024-05-09'], ARRAY['Water Slides', 'Kids Club', 'Shows', 'Casino', 'Multiple Restaurants'], 32000, ARRAY['Interior', 'Ocean View', 'Balcony'], ARRAY['All Inclusive', 'Basic Plus'], 'Family-friendly adventure with exciting activities and entertainment for all ages.', 'Family Ship', 'Norwegian Cruise Line', 2800, false),
('650e8400-e29b-41d4-a716-446655440004', 'Princess Sapphire', 'https://images.pexels.com/photos/1078981/pexels-photo-1078981.jpeg', 'Kochi', 'Lakshadweep', 6, ARRAY['2024-04-16', '2024-04-23', '2024-04-30', '2024-05-07'], ARRAY['Spa', 'Fine Dining', 'Cultural Shows', 'Yoga Classes', 'Photography Classes'], 52000, ARRAY['Ocean View', 'Balcony', 'Suite', 'Penthouse'], ARRAY['All Inclusive', 'Premium Plus'], 'Discover pristine coral islands with luxury accommodations and cultural immersion.', 'Luxury Ship', 'Princess Cruises', 2000, true),
('650e8400-e29b-41d4-a716-446655440005', 'MSC Bellissima', 'https://images.pexels.com/photos/2144326/pexels-photo-2144326.jpeg', 'Mumbai', 'Daman', 3, ARRAY['2024-04-21', '2024-04-28', '2024-05-05', '2024-05-12'], ARRAY['Promenade', 'Shopping', 'Multiple Pools', 'Sports Bar', 'Live Music'], 28000, ARRAY['Interior', 'Ocean View', 'Balcony'], ARRAY['All Inclusive', 'Basic Plus'], 'Short getaway with modern amenities and Mediterranean-style elegance.', 'Modern Ship', 'MSC Cruises', 3200, false),
('650e8400-e29b-41d4-a716-446655440006', 'Costa Deliciosa', 'https://images.pexels.com/photos/1320684/pexels-photo-1320684.jpeg', 'Chennai', 'Puducherry', 2, ARRAY['2024-04-19', '2024-04-26', '2024-05-03', '2024-05-10'], ARRAY['Italian Cuisine', 'Pool Deck', 'Entertainment', 'Wellness Center'], 22000, ARRAY['Interior', 'Ocean View'], ARRAY['All Inclusive'], 'Quick coastal escape with authentic Italian hospitality and cuisine.', 'Classic Ship', 'Costa Cruises', 2200, false),
('650e8400-e29b-41d4-a716-446655440007', 'Disney Wonder', 'https://images.pexels.com/photos/1285625/pexels-photo-1285625.jpeg', 'Goa', 'Karwar', 4, ARRAY['2024-04-17', '2024-04-24', '2024-05-01', '2024-05-08'], ARRAY['Character Meet & Greet', 'Kids Activities', 'Family Shows', 'Pool Complex'], 48000, ARRAY['Interior', 'Ocean View', 'Balcony', 'Suite'], ARRAY['All Inclusive', 'Premium Plus'], 'Magical family cruise with Disney characters and world-class entertainment.', 'Family Ship', 'Disney Cruise Line', 2400, true),
('650e8400-e29b-41d4-a716-446655440008', 'Holland America Nieuw', 'https://images.pexels.com/photos/2044434/pexels-photo-2044434.jpeg', 'Kochi', 'Beypore', 5, ARRAY['2024-04-14', '2024-04-21', '2024-04-28', '2024-05-05'], ARRAY['Culinary Arts Center', 'Observatory', 'Library', 'Spa', 'Classical Music'], 42000, ARRAY['Interior', 'Ocean View', 'Balcony', 'Suite'], ARRAY['All Inclusive', 'Premium Plus'], 'Sophisticated cruising with enrichment programs and culinary excellence.', 'Premium Ship', 'Holland America Line', 2100, false),
('650e8400-e29b-41d4-a716-446655440009', 'Anthem of the Seas', 'https://images.pexels.com/photos/1320684/pexels-photo-1320684.jpeg', 'Mumbai', 'Dubai', 8, ARRAY['2024-05-12', '2024-05-19', '2024-05-26', '2024-06-02'], ARRAY['Sky Diving Simulator', 'Robot Bartenders', 'Bumper Cars', 'Surf Simulator', 'Rock Climbing'], 65000, ARRAY['Interior', 'Ocean View', 'Balcony', 'Suite', 'Penthouse'], ARRAY['All Inclusive', 'Premium Plus', 'Basic Plus'], 'Revolutionary cruise ship with cutting-edge technology and thrilling activities.', 'Quantum Class', 'Royal Caribbean', 3500, true),
('650e8400-e29b-41d4-a716-446655440010', 'Seabourn Encore', 'https://images.pexels.com/photos/1078981/pexels-photo-1078981.jpeg', 'Chennai', 'Colombo', 6, ARRAY['2024-05-15', '2024-05-22', '2024-05-29', '2024-06-05'], ARRAY['Ultra-Luxury Suites', 'Personal Butler', 'Michelin-Star Dining', 'Marina Platform', 'Spa Terrace'], 95000, ARRAY['Ocean View', 'Balcony', 'Suite', 'Penthouse'], ARRAY['All Inclusive', 'Premium Plus'], 'Ultra-luxury small ship cruising with personalized service and exclusive experiences.', 'Ultra-Luxury', 'Seabourn', 600, true),
('650e8400-e29b-41d4-a716-446655440011', 'Voyager of the Seas', 'https://images.pexels.com/photos/804463/pexels-photo-804463.jpeg', 'Mumbai', 'Maldives', 10, ARRAY['2024-06-01', '2024-06-08', '2024-06-15', '2024-06-22'], ARRAY['Ice Skating', 'Rock Climbing', 'Mini Golf', 'Spa', 'Multiple Pools'], 78000, ARRAY['Interior', 'Ocean View', 'Balcony', 'Suite'], ARRAY['All Inclusive', 'Premium Plus'], 'Extended luxury cruise to tropical paradise with world-class facilities.', 'Voyager Class', 'Royal Caribbean', 3800, true),
('650e8400-e29b-41d4-a716-446655440012', 'Symphony of the Seas', 'https://images.pexels.com/photos/1183099/pexels-photo-1183099.jpeg', 'Chennai', 'Singapore', 12, ARRAY['2024-06-10', '2024-06-17', '2024-06-24', '2024-07-01'], ARRAY['Zip Line', 'Surf Simulator', 'Robot Bartenders', 'Theater', 'Multiple Pools'], 125000, ARRAY['Interior', 'Ocean View', 'Balcony', 'Suite', 'Penthouse'], ARRAY['All Inclusive', 'Premium Plus'], 'The world''s largest cruise ship with unprecedented amenities and entertainment.', 'Oasis Class', 'Royal Caribbean', 6000, true)
ON CONFLICT (id) DO NOTHING;

-- Insert sample hotels with comprehensive details
INSERT INTO hotels (id, name, location, image, star_rating, price_per_night, available_room_types, meal_plans, amenities, available_from, description, hotel_type, hotel_chain, total_rooms, featured) VALUES
('750e8400-e29b-41d4-a716-446655440001', 'The Oberoi Mumbai', 'Mumbai, Maharashtra', 'https://images.pexels.com/photos/258154/pexels-photo-258154.jpeg', 5, 25000, ARRAY['Deluxe Room', 'Premier Room', 'Luxury Suite', 'Presidential Suite'], ARRAY['Room Only', 'Breakfast Included', 'Half Board', 'Full Board'], ARRAY['Spa', 'Pool', 'Gym', 'Wi-Fi', 'AC', 'Parking', 'Pet Friendly', 'Garden'], ARRAY['2024-04-15', '2024-04-22', '2024-04-29', '2024-05-06'], 'Experience luxury redefined at The Oberoi Mumbai with panoramic views of the Arabian Sea.', 'Luxury', 'Oberoi Hotels', 287, true),
('750e8400-e29b-41d4-a716-446655440002', 'Taj Lake Palace Udaipur', 'Udaipur, Rajasthan', 'https://images.pexels.com/photos/1134176/pexels-photo-1134176.jpeg', 5, 35000, ARRAY['Palace Room', 'Grand Royal Suite', 'Presidential Suite'], ARRAY['Breakfast Included', 'Half Board', 'Full Board'], ARRAY['Spa', 'Pool', 'Wi-Fi', 'AC', 'Garden', 'Pet Friendly'], ARRAY['2024-04-18', '2024-04-25', '2024-05-01', '2024-05-08'], 'A floating palace on Lake Pichola offering royal luxury and heritage charm.', 'Luxury', 'Taj Hotels', 83, true),
('750e8400-e29b-41d4-a716-446655440003', 'ITC Grand Chola Chennai', 'Chennai, Tamil Nadu', 'https://images.pexels.com/photos/271624/pexels-photo-271624.jpeg', 5, 18000, ARRAY['Executive Room', 'Club Room', 'Royal Suite'], ARRAY['Room Only', 'Breakfast Included', 'Half Board'], ARRAY['Spa', 'Pool', 'Gym', 'Wi-Fi', 'AC', 'Parking'], ARRAY['2024-04-20', '2024-04-27', '2024-05-03', '2024-05-10'], 'South India''s largest luxury hotel inspired by the grandeur of the Chola dynasty.', 'Business', 'ITC Hotels', 600, true),
('750e8400-e29b-41d4-a716-446655440004', 'The Leela Palace New Delhi', 'New Delhi, Delhi', 'https://images.pexels.com/photos/338504/pexels-photo-338504.jpeg', 5, 22000, ARRAY['Deluxe Room', 'Club Room', 'Royal Suite', 'Presidential Suite'], ARRAY['Room Only', 'Breakfast Included', 'Half Board', 'Full Board'], ARRAY['Spa', 'Pool', 'Gym', 'Wi-Fi', 'AC', 'Parking', 'Garden'], ARRAY['2024-04-16', '2024-04-23', '2024-04-30', '2024-05-07'], 'Luxury hotel in the heart of New Delhi with world-class amenities and service.', 'Luxury', 'The Leela', 254, false),
('750e8400-e29b-41d4-a716-446655440005', 'Goa Marriott Resort', 'Panaji, Goa', 'https://images.pexels.com/photos/261102/pexels-photo-261102.jpeg', 4, 12000, ARRAY['Standard Room', 'Deluxe Room', 'Suite'], ARRAY['Room Only', 'Breakfast Included', 'Half Board'], ARRAY['Pool', 'Gym', 'Wi-Fi', 'AC', 'Parking', 'Pet Friendly', 'Garden'], ARRAY['2024-04-21', '2024-04-28', '2024-05-04', '2024-05-11'], 'Beachfront resort offering tropical luxury with stunning views of the Arabian Sea.', 'Resort', 'Marriott', 195, true),
('750e8400-e29b-41d4-a716-446655440006', 'Hotel Clarks Amer Jaipur', 'Jaipur, Rajasthan', 'https://images.pexels.com/photos/1134176/pexels-photo-1134176.jpeg', 4, 8000, ARRAY['Standard Room', 'Deluxe Room', 'Executive Suite'], ARRAY['Room Only', 'Breakfast Included'], ARRAY['Pool', 'Gym', 'Wi-Fi', 'AC', 'Parking'], ARRAY['2024-04-19', '2024-04-26', '2024-05-02', '2024-05-09'], 'Heritage hotel in the Pink City offering traditional Rajasthani hospitality.', 'Heritage', 'Clarks Hotels', 216, false),
('750e8400-e29b-41d4-a716-446655440007', 'Hyatt Regency Kolkata', 'Kolkata, West Bengal', 'https://images.pexels.com/photos/271624/pexels-photo-271624.jpeg', 4, 10000, ARRAY['Standard Room', 'Club Room', 'Regency Suite'], ARRAY['Room Only', 'Breakfast Included', 'Half Board'], ARRAY['Spa', 'Pool', 'Gym', 'Wi-Fi', 'AC', 'Parking'], ARRAY['2024-04-17', '2024-04-24', '2024-05-01', '2024-05-08'], 'Modern luxury hotel in the cultural capital of India with excellent business facilities.', 'Business', 'Hyatt', 233, false),
('750e8400-e29b-41d4-a716-446655440008', 'The Ashok New Delhi', 'New Delhi, Delhi', 'https://images.pexels.com/photos/338504/pexels-photo-338504.jpeg', 4, 7500, ARRAY['Standard Room', 'Deluxe Room', 'Suite'], ARRAY['Room Only', 'Breakfast Included'], ARRAY['Pool', 'Gym', 'Wi-Fi', 'AC', 'Parking', 'Garden'], ARRAY['2024-04-14', '2024-04-21', '2024-04-28', '2024-05-04'], 'Government-owned luxury hotel with spacious rooms and extensive facilities.', 'Business', 'ITDC', 550, false),
('750e8400-e29b-41d4-a716-446655440009', 'Ritz-Carlton Mumbai', 'Mumbai, Maharashtra', 'https://images.pexels.com/photos/258154/pexels-photo-258154.jpeg', 5, 45000, ARRAY['Deluxe Room', 'Club Level', 'Executive Suite', 'Presidential Suite'], ARRAY['Room Only', 'Breakfast Included', 'Half Board', 'Full Board'], ARRAY['Spa', 'Pool', 'Gym', 'Wi-Fi', 'AC', 'Parking', 'Pet Friendly', 'Garden'], ARRAY['2024-05-12', '2024-05-19', '2024-05-26', '2024-06-02'], 'Legendary luxury hotel with impeccable service and stunning city views.', 'Luxury', 'Ritz-Carlton', 279, true),
('750e8400-e29b-41d4-a716-446655440010', 'Four Seasons Bengaluru', 'Bangalore, Karnataka', 'https://images.pexels.com/photos/271624/pexels-photo-271624.jpeg', 5, 28000, ARRAY['Premier Room', 'Executive Suite', 'Four Seasons Suite'], ARRAY['Room Only', 'Breakfast Included', 'Half Board'], ARRAY['Spa', 'Pool', 'Gym', 'Wi-Fi', 'AC', 'Parking', 'Garden'], ARRAY['2024-05-15', '2024-05-22', '2024-05-29', '2024-06-05'], 'Contemporary luxury in India''s Silicon Valley with world-class amenities.', 'Luxury', 'Four Seasons', 230, true),
('750e8400-e29b-41d4-a716-446655440011', 'Grand Hyatt Goa', 'Bambolim, Goa', 'https://images.pexels.com/photos/261102/pexels-photo-261102.jpeg', 5, 15000, ARRAY['Standard Room', 'Deluxe Room', 'Club Room', 'Suite'], ARRAY['Room Only', 'Breakfast Included', 'Half Board'], ARRAY['Spa', 'Pool', 'Gym', 'Wi-Fi', 'AC', 'Parking', 'Garden'], ARRAY['2024-04-22', '2024-04-29', '2024-05-06', '2024-05-13'], 'Luxury resort set amidst 28 acres of landscaped gardens overlooking the Arabian Sea.', 'Resort', 'Hyatt', 314, true),
('750e8400-e29b-41d4-a716-446655440012', 'The St. Regis Mumbai', 'Mumbai, Maharashtra', 'https://images.pexels.com/photos/258154/pexels-photo-258154.jpeg', 5, 38000, ARRAY['Deluxe Room', 'Premier Room', 'St. Regis Suite', 'Presidential Suite'], ARRAY['Room Only', 'Breakfast Included', 'Half Board'], ARRAY['Spa', 'Pool', 'Gym', 'Wi-Fi', 'AC', 'Parking', 'Butler Service'], ARRAY['2024-05-20', '2024-05-27', '2024-06-03', '2024-06-10'], 'Timeless luxury with bespoke butler service and exquisite dining experiences.', 'Luxury', 'St. Regis', 395, true)
ON CONFLICT (id) DO NOTHING;

-- Insert sample bookings with realistic data
INSERT INTO bookings (id, type, item_id, item_name, agent_id, agent_name, customer_name, customer_email, customer_phone, booking_date, travel_date, status, total_amount, commission_amount, payment_status, guests, special_requests, region) VALUES
('850e8400-e29b-41d4-a716-446655440001', 'Cruise', '650e8400-e29b-41d4-a716-446655440001', 'Royal Caribbean Explorer', '550e8400-e29b-41d4-a716-446655440001', 'Rajesh Kumar', 'Rahul Gupta', 'rahul.gupta@email.com', '+91 9876543210', '2024-03-01', '2024-04-15', 'Confirmed', 90000, 4500, 'Paid', 2, 'Ocean view cabin preferred', 'Mumbai'),
('850e8400-e29b-41d4-a716-446655440002', 'Hotel', '750e8400-e29b-41d4-a716-446655440001', 'The Oberoi Mumbai', '550e8400-e29b-41d4-a716-446655440002', 'Priya Sharma', 'Priya Mehta', 'priya.mehta@email.com', '+91 9876543211', '2024-03-05', '2024-03-20', 'Confirmed', 75000, 3750, 'Paid', 2, 'Late checkout requested', 'Delhi'),
('850e8400-e29b-41d4-a716-446655440003', 'Cruise', '650e8400-e29b-41d4-a716-446655440002', 'Celebrity Infinity', '550e8400-e29b-41d4-a716-446655440007', 'Sneha Reddy', 'Arjun Sharma', 'arjun.sharma@email.com', '+91 9876543212', '2024-02-28', '2024-04-10', 'Cancelled', 76000, 0, 'Refunded', 2, '', 'Chennai'),
('850e8400-e29b-41d4-a716-446655440004', 'Hotel', '750e8400-e29b-41d4-a716-446655440002', 'Taj Lake Palace Udaipur', '550e8400-e29b-41d4-a716-446655440001', 'Rajesh Kumar', 'Kavya Nair', 'kavya.nair@email.com', '+91 9876543213', '2024-03-08', '2024-04-25', 'Pending', 105000, 5250, 'Pending', 2, 'Honeymoon package', 'Mumbai'),
('850e8400-e29b-41d4-a716-446655440005', 'Cruise', '650e8400-e29b-41d4-a716-446655440003', 'Norwegian Gem', '550e8400-e29b-41d4-a716-446655440002', 'Priya Sharma', 'Ravi Kumar', 'ravi.kumar@email.com', '+91 9876543214', '2024-03-10', '2024-05-01', 'Confirmed', 64000, 3200, 'Paid', 2, '', 'Delhi'),
('850e8400-e29b-41d4-a716-446655440006', 'Hotel', '750e8400-e29b-41d4-a716-446655440003', 'ITC Grand Chola Chennai', '550e8400-e29b-41d4-a716-446655440007', 'Sneha Reddy', 'Deepika Rao', 'deepika.rao@email.com', '+91 9876543215', '2024-03-12', '2024-04-05', 'Completed', 54000, 2700, 'Paid', 1, 'Business center access needed', 'Chennai'),
('850e8400-e29b-41d4-a716-446655440007', 'Cruise', '650e8400-e29b-41d4-a716-446655440009', 'Anthem of the Seas', '550e8400-e29b-41d4-a716-446655440001', 'Rajesh Kumar', 'Neha Patel', 'neha.patel@email.com', '+91 9876543216', '2024-03-15', '2024-05-12', 'Confirmed', 130000, 6500, 'Paid', 2, 'Anniversary celebration', 'Mumbai'),
('850e8400-e29b-41d4-a716-446655440008', 'Hotel', '750e8400-e29b-41d4-a716-446655440009', 'Ritz-Carlton Mumbai', '550e8400-e29b-41d4-a716-446655440007', 'Sneha Reddy', 'Vikram Singh', 'vikram.singh@email.com', '+91 9876543217', '2024-03-18', '2024-05-15', 'Pending', 180000, 9000, 'Pending', 2, 'Executive floor preferred', 'Chennai'),
('850e8400-e29b-41d4-a716-446655440009', 'Cruise', '650e8400-e29b-41d4-a716-446655440004', 'Princess Sapphire', '550e8400-e29b-41d4-a716-446655440003', 'Amit Singh', 'Sanjay Verma', 'sanjay.verma@email.com', '+91 9876543218', '2024-03-20', '2024-04-30', 'Confirmed', 104000, 5200, 'Paid', 2, 'Vegetarian meals only', 'Bangalore'),
('850e8400-e29b-41d4-a716-446655440010', 'Hotel', '750e8400-e29b-41d4-a716-446655440005', 'Goa Marriott Resort', '550e8400-e29b-41d4-a716-446655440008', 'Arjun Nair', 'Meera Krishnan', 'meera.krishnan@email.com', '+91 9876543219', '2024-03-22', '2024-04-28', 'Confirmed', 36000, 1800, 'Paid', 2, 'Beach view room', 'Kochi'),
('850e8400-e29b-41d4-a716-446655440011', 'Cruise', '650e8400-e29b-41d4-a716-446655440010', 'Seabourn Encore', '550e8400-e29b-41d4-a716-446655440011', 'Deepika Rao', 'Anand Iyer', 'anand.iyer@email.com', '+91 9876543220', '2024-03-25', '2024-05-22', 'Confirmed', 190000, 9500, 'Paid', 2, 'Butler service required', 'Hyderabad'),
('850e8400-e29b-41d4-a716-446655440012', 'Hotel', '750e8400-e29b-41d4-a716-446655440010', 'Four Seasons Bengaluru', '550e8400-e29b-41d4-a716-446655440003', 'Amit Singh', 'Pooja Agarwal', 'pooja.agarwal@email.com', '+91 9876543221', '2024-03-28', '2024-05-25', 'Confirmed', 84000, 4200, 'Paid', 2, 'Airport transfer needed', 'Bangalore')
ON CONFLICT (id) DO NOTHING;

-- Insert sample complaints with realistic scenarios
INSERT INTO complaints (id, booking_id, agent_id, customer_name, customer_email, subject, description, status, priority, category, assigned_to) VALUES
('950e8400-e29b-41d4-a716-446655440001', '850e8400-e29b-41d4-a716-446655440003', '550e8400-e29b-41d4-a716-446655440007', 'Arjun Sharma', 'arjun.sharma@email.com', 'Cruise cabin not as promised', 'The ocean view cabin was actually an interior cabin. Very disappointed with the service.', 'Open', 'High', 'Service Quality', '550e8400-e29b-41d4-a716-446655440004'),
('950e8400-e29b-41d4-a716-446655440002', '850e8400-e29b-41d4-a716-446655440002', '550e8400-e29b-41d4-a716-446655440002', 'Priya Mehta', 'priya.mehta@email.com', 'Payment deducted twice', 'My credit card was charged twice for the same hotel booking. Need immediate refund.', 'In Progress', 'Critical', 'Payment Problem', '550e8400-e29b-41d4-a716-446655440004'),
('950e8400-e29b-41d4-a716-446655440003', '850e8400-e29b-41d4-a716-446655440006', '550e8400-e29b-41d4-a716-446655440007', 'Deepika Rao', 'deepika.rao@email.com', 'Room service was poor', 'Room service was extremely slow and food quality was below expectations.', 'Resolved', 'Medium', 'Service Quality', '550e8400-e29b-41d4-a716-446655440005'),
('950e8400-e29b-41d4-a716-446655440004', '850e8400-e29b-41d4-a716-446655440007', '550e8400-e29b-41d4-a716-446655440001', 'Neha Patel', 'neha.patel@email.com', 'Cruise departure delayed', 'Cruise departure was delayed by 6 hours without proper communication.', 'In Progress', 'High', 'Service Quality', '550e8400-e29b-41d4-a716-446655440006'),
('950e8400-e29b-41d4-a716-446655440005', '850e8400-e29b-41d4-a716-446655440009', '550e8400-e29b-41d4-a716-446655440003', 'Sanjay Verma', 'sanjay.verma@email.com', 'Vegetarian meal request ignored', 'Despite special request for vegetarian meals, non-veg food was served repeatedly.', 'Open', 'Medium', 'Service Quality', '550e8400-e29b-41d4-a716-446655440005'),
('950e8400-e29b-41d4-a716-446655440006', '850e8400-e29b-41d4-a716-446655440010', '550e8400-e29b-41d4-a716-446655440008', 'Meera Krishnan', 'meera.krishnan@email.com', 'Hotel room not ready on time', 'Checked in at 3 PM but room was not ready until 7 PM. No compensation offered.', 'Resolved', 'Low', 'Service Quality', '550e8400-e29b-41d4-a716-446655440010'),
('950e8400-e29b-41d4-a716-446655440007', '850e8400-e29b-41d4-a716-446655440011', '550e8400-e29b-41d4-a716-446655440011', 'Anand Iyer', 'anand.iyer@email.com', 'Butler service not provided', 'Paid extra for butler service but no butler was assigned during the cruise.', 'Escalated', 'High', 'Service Quality', '550e8400-e29b-41d4-a716-446655440006'),
('950e8400-e29b-41d4-a716-446655440008', '850e8400-e29b-41d4-a716-446655440012', '550e8400-e29b-41d4-a716-446655440003', 'Pooja Agarwal', 'pooja.agarwal@email.com', 'Airport transfer not arranged', 'Hotel failed to arrange airport transfer despite confirmation and payment.', 'Open', 'Medium', 'Service Quality', '550e8400-e29b-41d4-a716-446655440010'),
('950e8400-e29b-41d4-a716-446655440009', '850e8400-e29b-41d4-a716-446655440001', '550e8400-e29b-41d4-a716-446655440001', 'Rahul Gupta', 'rahul.gupta@email.com', 'Spa appointment cancelled', 'Spa appointment was cancelled without notice and no alternative time was offered.', 'In Progress', 'Low', 'Service Quality', '550e8400-e29b-41d4-a716-446655440004'),
('950e8400-e29b-41d4-a716-446655440010', '850e8400-e29b-41d4-a716-446655440005', '550e8400-e29b-41d4-a716-446655440002', 'Ravi Kumar', 'ravi.kumar@email.com', 'Entertainment shows cancelled', 'Multiple entertainment shows were cancelled due to technical issues.', 'Resolved', 'Medium', 'Service Quality', '550e8400-e29b-41d4-a716-446655440005'),
('950e8400-e29b-41d4-a716-446655440011', '850e8400-e29b-41d4-a716-446655440008', '550e8400-e29b-41d4-a716-446655440007', 'Vikram Singh', 'vikram.singh@email.com', 'Executive floor access denied', 'Paid for executive floor but was denied access to executive lounge.', 'Open', 'High', 'Service Quality', '550e8400-e29b-41d4-a716-446655440006'),
('950e8400-e29b-41d4-a716-446655440012', '850e8400-e29b-41d4-a716-446655440004', '550e8400-e29b-41d4-a716-446655440001', 'Kavya Nair', 'kavya.nair@email.com', 'Honeymoon package incomplete', 'Honeymoon package did not include promised amenities like room decoration and champagne.', 'In Progress', 'Medium', 'Service Quality', '550e8400-e29b-41d4-a716-446655440004')
ON CONFLICT (id) DO NOTHING;

-- Insert sample offers with realistic promotions
INSERT INTO offers (id, title, description, discount_type, discount_value, valid_from, valid_to, applicable_for, status, created_by, usage_count, max_usage, regions, terms_conditions, minimum_amount) VALUES
('a50e8400-e29b-41d4-a716-446655440001', 'Early Bird Cruise Special', 'Book your cruise 30 days in advance and save 15%', 'Percentage', 15, '2024-03-01', '2024-06-30', 'Cruises', 'Active', '550e8400-e29b-41d4-a716-446655440006', 23, 100, ARRAY['Mumbai', 'Delhi', 'Chennai'], 'Valid for bookings made 30 days before departure. Cannot be combined with other offers.', 50000),
('a50e8400-e29b-41d4-a716-446655440002', 'Luxury Hotel Weekend Deal', 'Stay 2 nights, get 1 night free at premium hotels', 'Percentage', 33, '2024-03-15', '2024-04-15', 'Hotels', 'Active', '550e8400-e29b-41d4-a716-446655440004', 12, 50, ARRAY['Mumbai', 'Delhi'], 'Valid for weekend stays only. Minimum 2 nights required.', 30000),
('a50e8400-e29b-41d4-a716-446655440003', 'Family Package Discount', 'Special discount for families booking together', 'Fixed Amount', 10000, '2024-02-01', '2024-03-31', 'Both', 'Expired', '550e8400-e29b-41d4-a716-446655440006', 45, 75, ARRAY['Mumbai', 'Delhi', 'Chennai', 'Bangalore'], 'Valid for bookings with 3 or more guests. Children under 12 get additional discount.', 75000),
('a50e8400-e29b-41d4-a716-446655440004', 'Monsoon Special', 'Beat the heat with our monsoon cruise deals', 'Percentage', 20, '2024-06-01', '2024-09-30', 'Cruises', 'Active', '550e8400-e29b-41d4-a716-446655440005', 8, 200, ARRAY['Mumbai', 'Goa', 'Chennai'], 'Valid for cruises departing during monsoon season. Indoor entertainment guaranteed.', 40000),
('a50e8400-e29b-41d4-a716-446655440005', 'Honeymoon Bliss', 'Romantic getaway packages for newlyweds', 'Fixed Amount', 15000, '2024-04-01', '2024-12-31', 'Hotels', 'Active', '550e8400-e29b-41d4-a716-446655440004', 18, 100, ARRAY['Udaipur', 'Goa', 'Kerala'], 'Valid for couples. Marriage certificate required. Includes romantic dinner and spa.', 60000),
('a50e8400-e29b-41d4-a716-446655440006', 'Senior Citizen Discount', 'Special rates for travelers above 60', 'Percentage', 12, '2024-01-01', '2024-12-31', 'Both', 'Active', '550e8400-e29b-41d4-a716-446655440006', 31, 500, ARRAY['Mumbai', 'Delhi', 'Chennai', 'Bangalore', 'Kochi'], 'Valid for travelers above 60 years. ID proof required. Medical clearance needed for cruises.', 25000),
('a50e8400-e29b-41d4-a716-446655440007', 'Corporate Group Booking', 'Exclusive rates for corporate group bookings', 'Percentage', 18, '2024-03-01', '2024-08-31', 'Hotels', 'Active', '550e8400-e29b-41d4-a716-446655440005', 5, 30, ARRAY['Mumbai', 'Delhi', 'Bangalore'], 'Minimum 10 rooms required. Corporate ID and GST number mandatory.', 100000),
('a50e8400-e29b-41d4-a716-446655440008', 'Last Minute Deals', 'Book within 7 days of departure and save', 'Fixed Amount', 8000, '2024-04-01', '2024-05-31', 'Cruises', 'Active', '550e8400-e29b-41d4-a716-446655440006', 14, 80, ARRAY['Mumbai', 'Chennai'], 'Valid for bookings made within 7 days of departure. Subject to availability.', 35000),
('a50e8400-e29b-41d4-a716-446655440009', 'Loyalty Rewards', 'Exclusive discounts for repeat customers', 'Percentage', 10, '2024-01-01', '2024-12-31', 'Both', 'Active', '550e8400-e29b-41d4-a716-446655440006', 27, 1000, ARRAY['Mumbai', 'Delhi', 'Chennai', 'Bangalore', 'Kochi'], 'Valid for customers with 3+ previous bookings. Loyalty card required.', 30000),
('a50e8400-e29b-41d4-a716-446655440010', 'Festival Special', 'Celebrate festivals with special cruise packages', 'Percentage', 25, '2024-10-01', '2024-11-30', 'Cruises', 'Inactive', '550e8400-e29b-41d4-a716-446655440004', 0, 150, ARRAY['Mumbai', 'Chennai'], 'Valid during Diwali and Dussehra season. Special cultural programs included.', 45000),
('a50e8400-e29b-41d4-a716-446655440011', 'Student Discount', 'Special rates for students and young travelers', 'Fixed Amount', 5000, '2024-05-01', '2024-08-31', 'Hotels', 'Active', '550e8400-e29b-41d4-a716-446655440005', 9, 200, ARRAY['Goa', 'Bangalore', 'Delhi'], 'Valid for students aged 18-25. Student ID required. Valid during summer vacation.', 20000),
('a50e8400-e29b-41d4-a716-446655440012', 'Anniversary Celebration', 'Celebrate your anniversary with luxury', 'Percentage', 22, '2024-02-01', '2024-12-31', 'Both', 'Active', '550e8400-e29b-41d4-a716-446655440006', 16, 120, ARRAY['Mumbai', 'Udaipur', 'Goa'], 'Valid for couples celebrating anniversary. Special arrangements included.', 70000)
ON CONFLICT (id) DO NOTHING;

-- Insert sample booking events for audit trail
INSERT INTO booking_events (booking_id, event_type, description, user_id, user_name, metadata) VALUES
('850e8400-e29b-41d4-a716-446655440001', 'created', 'Booking created by agent', '550e8400-e29b-41d4-a716-446655440001', 'Rajesh Kumar', '{"source": "web_app", "payment_method": "credit_card"}'),
('850e8400-e29b-41d4-a716-446655440001', 'confirmed', 'Booking confirmed after payment', '550e8400-e29b-41d4-a716-446655440001', 'Rajesh Kumar', '{"confirmation_code": "RC001", "payment_id": "pay_123"}'),
('850e8400-e29b-41d4-a716-446655440002', 'created', 'Hotel booking created', '550e8400-e29b-41d4-a716-446655440002', 'Priya Sharma', '{"source": "web_app", "room_type": "Deluxe Room"}'),
('850e8400-e29b-41d4-a716-446655440002', 'payment', 'Payment processed successfully', '550e8400-e29b-41d4-a716-446655440002', 'Priya Sharma', '{"payment_method": "debit_card", "amount": 75000}'),
('850e8400-e29b-41d4-a716-446655440003', 'created', 'Cruise booking created', '550e8400-e29b-41d4-a716-446655440007', 'Sneha Reddy', '{"source": "web_app", "cabin_type": "Ocean View"}'),
('850e8400-e29b-41d4-a716-446655440003', 'cancelled', 'Booking cancelled by customer', '550e8400-e29b-41d4-a716-446655440007', 'Sneha Reddy', '{"reason": "Personal emergency", "refund_amount": 76000}'),
('850e8400-e29b-41d4-a716-446655440004', 'created', 'Honeymoon package booking', '550e8400-e29b-41d4-a716-446655440001', 'Rajesh Kumar', '{"source": "web_app", "package_type": "honeymoon"}'),
('850e8400-e29b-41d4-a716-446655440005', 'created', 'Family cruise booking', '550e8400-e29b-41d4-a716-446655440002', 'Priya Sharma', '{"source": "web_app", "family_size": 2}'),
('850e8400-e29b-41d4-a716-446655440006', 'created', 'Business hotel booking', '550e8400-e29b-41d4-a716-446655440007', 'Sneha Reddy', '{"source": "web_app", "business_purpose": true}'),
('850e8400-e29b-41d4-a716-446655440006', 'completed', 'Stay completed successfully', '550e8400-e29b-41d4-a716-446655440007', 'Sneha Reddy', '{"checkout_time": "12:00", "satisfaction": "high"}'),
('850e8400-e29b-41d4-a716-446655440007', 'created', 'Anniversary cruise booking', '550e8400-e29b-41d4-a716-446655440001', 'Rajesh Kumar', '{"source": "web_app", "occasion": "anniversary"}'),
('850e8400-e29b-41d4-a716-446655440008', 'created', 'Luxury hotel booking', '550e8400-e29b-41d4-a716-446655440007', 'Sneha Reddy', '{"source": "web_app", "room_type": "Executive Suite"}')
ON CONFLICT DO NOTHING;

-- Insert sample reviews
INSERT INTO reviews (booking_id, item_type, item_id, customer_name, customer_email, rating, title, comment, verified) VALUES
('850e8400-e29b-41d4-a716-446655440001', 'Cruise', '650e8400-e29b-41d4-a716-446655440001', 'Rahul Gupta', 'rahul.gupta@email.com', 5, 'Absolutely Amazing Experience', 'The Royal Caribbean Explorer exceeded all our expectations. The staff was incredibly friendly, the food was delicious, and the entertainment was world-class. The ocean view cabin was perfect for our romantic getaway. Highly recommend!', true),
('850e8400-e29b-41d4-a716-446655440002', 'Hotel', '750e8400-e29b-41d4-a716-446655440001', 'Priya Mehta', 'priya.mehta@email.com', 4, 'Luxury at its Best', 'The Oberoi Mumbai is truly a luxury experience. The rooms are spacious and beautifully designed. The service was impeccable, though the late checkout took some time to arrange. Overall, a wonderful stay.', true),
('850e8400-e29b-41d4-a716-446655440006', 'Hotel', '750e8400-e29b-41d4-a716-446655440003', 'Deepika Rao', 'deepika.rao@email.com', 4, 'Great Business Hotel', 'ITC Grand Chola is perfect for business travelers. The business center facilities are excellent and the location is convenient. The room service could be faster, but overall a good experience.', true),
('850e8400-e29b-41d4-a716-446655440007', 'Cruise', '650e8400-e29b-41d4-a716-446655440009', 'Neha Patel', 'neha.patel@email.com', 5, 'Perfect Anniversary Celebration', 'Anthem of the Seas made our anniversary unforgettable. The ship is massive with so many activities. The robot bartenders were a fun experience! The staff went above and beyond to make our celebration special.', true),
('850e8400-e29b-41d4-a716-446655440009', 'Cruise', '650e8400-e29b-41d4-a716-446655440004', 'Sanjay Verma', 'sanjay.verma@email.com', 3, 'Good but Room for Improvement', 'Princess Sapphire is a beautiful ship with great amenities. However, the vegetarian meal options were limited despite our special request. The Lakshadweep destination was breathtaking though.', true),
('850e8400-e29b-41d4-a716-446655440010', 'Hotel', '750e8400-e29b-41d4-a716-446655440005', 'Meera Krishnan', 'meera.krishnan@email.com', 5, 'Paradise in Goa', 'Goa Marriott Resort is absolutely stunning! The beach view from our room was incredible. The staff was very helpful and the facilities were top-notch. Perfect for a romantic getaway.', true),
('850e8400-e29b-41d4-a716-446655440011', 'Cruise', '650e8400-e29b-41d4-a716-446655440010', 'Anand Iyer', 'anand.iyer@email.com', 4, 'Ultra-Luxury Experience', 'Seabourn Encore is the epitome of luxury cruising. The butler service was exceptional and the dining was Michelin-star quality. The only issue was the butler service took some time to get arranged initially.', true),
('850e8400-e29b-41d4-a716-446655440012', 'Hotel', '750e8400-e29b-41d4-a716-446655440010', 'Pooja Agarwal', 'pooja.agarwal@email.com', 4, 'Modern Luxury in Bangalore', 'Four Seasons Bengaluru offers contemporary luxury with excellent service. The spa facilities are world-class. The airport transfer arrangement had some delays, but the hotel staff handled it professionally.', true)
ON CONFLICT DO NOTHING;

-- Refresh the materialized view
SELECT refresh_booking_analytics();