/*
  # Insert Comprehensive Mock Data

  This migration populates the database with realistic test data for development and testing.
  Includes 12-15 rows per table with proper relationships and realistic values.
*/

-- Insert Users (15 users across different roles and regions)
INSERT INTO users (id, email, name, role, status, region, phone, commission_rate) VALUES
('550e8400-e29b-41d4-a716-446655440001', 'john.smith@yorkeholidays.com', 'John Smith', 'Travel Agent', 'Active', 'Mumbai', '+91 9876543210', 5.00),
('550e8400-e29b-41d4-a716-446655440002', 'sarah.johnson@yorkeholidays.com', 'Sarah Johnson', 'Basic Admin', 'Active', 'Delhi', '+91 9876543211', 0.00),
('550e8400-e29b-41d4-a716-446655440003', 'michael.chen@yorkeholidays.com', 'Michael Chen', 'Super Admin', 'Active', 'Mumbai', '+91 9876543212', 0.00),
('550e8400-e29b-41d4-a716-446655440004', 'priya.sharma@yorkeholidays.com', 'Priya Sharma', 'Travel Agent', 'Active', 'Delhi', '+91 9876543213', 6.00),
('550e8400-e29b-41d4-a716-446655440005', 'rajesh.kumar@yorkeholidays.com', 'Rajesh Kumar', 'Travel Agent', 'Active', 'Bangalore', '+91 9876543214', 5.50),
('550e8400-e29b-41d4-a716-446655440006', 'anita.patel@yorkeholidays.com', 'Anita Patel', 'Basic Admin', 'Active', 'Mumbai', '+91 9876543215', 0.00),
('550e8400-e29b-41d4-a716-446655440007', 'vikram.singh@yorkeholidays.com', 'Vikram Singh', 'Travel Agent', 'Active', 'Jaipur', '+91 9876543216', 5.25),
('550e8400-e29b-41d4-a716-446655440008', 'meera.reddy@yorkeholidays.com', 'Meera Reddy', 'Travel Agent', 'Active', 'Chennai', '+91 9876543217', 5.75),
('550e8400-e29b-41d4-a716-446655440009', 'amit.gupta@yorkeholidays.com', 'Amit Gupta', 'Travel Agent', 'Inactive', 'Kolkata', '+91 9876543218', 5.00),
('550e8400-e29b-41d4-a716-446655440010', 'kavya.nair@yorkeholidays.com', 'Kavya Nair', 'Travel Agent', 'Active', 'Kochi', '+91 9876543219', 6.25),
('550e8400-e29b-41d4-a716-446655440011', 'rohit.agarwal@yorkeholidays.com', 'Rohit Agarwal', 'Basic Admin', 'Active', 'Pune', '+91 9876543220', 0.00),
('550e8400-e29b-41d4-a716-446655440012', 'deepika.iyer@yorkeholidays.com', 'Deepika Iyer', 'Travel Agent', 'Active', 'Hyderabad', '+91 9876543221', 5.50),
('550e8400-e29b-41d4-a716-446655440013', 'arjun.malhotra@yorkeholidays.com', 'Arjun Malhotra', 'Travel Agent', 'Pending', 'Gurgaon', '+91 9876543222', 5.00),
('550e8400-e29b-41d4-a716-446655440014', 'sneha.das@yorkeholidays.com', 'Sneha Das', 'Travel Agent', 'Active', 'Bhubaneswar', '+91 9876543223', 5.75),
('550e8400-e29b-41d4-a716-446655440015', 'karthik.krishnan@yorkeholidays.com', 'Karthik Krishnan', 'Travel Agent', 'Active', 'Coimbatore', '+91 9876543224', 6.00);

-- Insert Cruises (15 comprehensive cruise packages)
INSERT INTO cruises (id, name, image, from_location, to_location, duration, departure_dates, amenities, price_per_person, room_types, meal_plans, description, ship_type, cruise_line, capacity, rating, review_count, is_featured) VALUES
('650e8400-e29b-41d4-a716-446655440001', 'Royal Caribbean Explorer', 'https://images.pexels.com/photos/804463/pexels-photo-804463.jpeg', 'Mumbai', 'Goa', 7, '["2024-03-15", "2024-03-22", "2024-03-29", "2024-04-05", "2024-04-12"]', '["Swimming Pool", "Spa", "Casino", "Theater", "Rock Climbing", "Mini Golf", "Fitness Center", "Library"]', 45000.00, '["Interior", "Ocean View", "Balcony", "Suite", "Penthouse"]', '["All Inclusive", "Premium Plus", "Basic Plus"]', 'Experience luxury on the Arabian Sea with world-class amenities and entertainment. This magnificent vessel offers an unforgettable journey along India''s western coast.', 'Mega Ship', 'Royal Caribbean', 3000, 4.5, 127, true),
('650e8400-e29b-41d4-a716-446655440002', 'Celebrity Infinity', 'https://images.pexels.com/photos/1183099/pexels-photo-1183099.jpeg', 'Chennai', 'Kochi', 5, '["2024-03-20", "2024-03-27", "2024-04-03", "2024-04-10", "2024-04-17"]', '["Fine Dining", "Spa", "Library", "Art Gallery", "Fitness Center", "Wine Tasting", "Cooking Classes"]', 38000.00, '["Interior", "Ocean View", "Balcony", "Suite"]', '["All Inclusive", "Premium Plus", "Basic Plus"]', 'Elegant cruising along India''s western coast with premium dining and cultural experiences. Discover the beauty of coastal India in ultimate comfort.', 'Premium Ship', 'Celebrity Cruises', 2500, 4.3, 89, true),
('650e8400-e29b-41d4-a716-446655440003', 'Norwegian Gem', 'https://images.pexels.com/photos/261102/pexels-photo-261102.jpeg', 'Goa', 'Mangalore', 4, '["2024-03-18", "2024-03-25", "2024-04-01", "2024-04-08", "2024-04-15"]', '["Water Slides", "Kids Club", "Shows", "Casino", "Multiple Restaurants", "Sports Deck", "Arcade"]', 32000.00, '["Interior", "Ocean View", "Balcony"]', '["All Inclusive", "Basic Plus"]', 'Family-friendly adventure with exciting activities and entertainment for all ages. Perfect for creating lasting memories with your loved ones.', 'Family Ship', 'Norwegian Cruise Line', 2800, 4.2, 156, false),
('650e8400-e29b-41d4-a716-446655440004', 'Princess Sapphire', 'https://images.pexels.com/photos/1078981/pexels-photo-1078981.jpeg', 'Kochi', 'Lakshadweep', 6, '["2024-03-16", "2024-03-23", "2024-03-30", "2024-04-06", "2024-04-13"]', '["Spa", "Fine Dining", "Cultural Shows", "Yoga Classes", "Photography Classes", "Marine Biology Center"]', 52000.00, '["Ocean View", "Balcony", "Suite", "Penthouse"]', '["All Inclusive", "Premium Plus"]', 'Discover pristine coral islands with luxury accommodations and cultural immersion. Experience the untouched beauty of Lakshadweep.', 'Luxury Ship', 'Princess Cruises', 2000, 4.7, 203, true),
('650e8400-e29b-41d4-a716-446655440005', 'MSC Bellissima', 'https://images.pexels.com/photos/2144326/pexels-photo-2144326.jpeg', 'Mumbai', 'Daman', 3, '["2024-03-21", "2024-03-28", "2024-04-04", "2024-04-11", "2024-04-18"]', '["Promenade", "Shopping", "Multiple Pools", "Sports Bar", "Live Music", "Dance Classes"]', 28000.00, '["Interior", "Ocean View", "Balcony"]', '["All Inclusive", "Basic Plus"]', 'Short getaway with modern amenities and Mediterranean-style elegance. Perfect for a quick escape from city life.', 'Modern Ship', 'MSC Cruises', 3200, 4.1, 98, false),
('650e8400-e29b-41d4-a716-446655440006', 'Costa Deliciosa', 'https://images.pexels.com/photos/1320684/pexels-photo-1320684.jpeg', 'Chennai', 'Puducherry', 2, '["2024-03-19", "2024-03-26", "2024-04-02", "2024-04-09", "2024-04-16"]', '["Italian Cuisine", "Pool Deck", "Entertainment", "Wellness Center", "Art Auctions"]', 22000.00, '["Interior", "Ocean View"]', '["All Inclusive"]', 'Quick coastal escape with authentic Italian hospitality and cuisine. Experience la dolce vita at sea.', 'Classic Ship', 'Costa Cruises', 2200, 4.0, 67, false),
('650e8400-e29b-41d4-a716-446655440007', 'Disney Wonder', 'https://images.pexels.com/photos/1285625/pexels-photo-1285625.jpeg', 'Goa', 'Karwar', 4, '["2024-03-17", "2024-03-24", "2024-03-31", "2024-04-07", "2024-04-14"]', '["Character Meet & Greet", "Kids Activities", "Family Shows", "Pool Complex", "Teen Club", "Nursery"]', 48000.00, '["Interior", "Ocean View", "Balcony", "Suite"]', '["All Inclusive", "Premium Plus"]', 'Magical family cruise with Disney characters and world-class entertainment. Where dreams come true at sea.', 'Family Ship', 'Disney Cruise Line', 2400, 4.8, 312, true),
('650e8400-e29b-41d4-a716-446655440008', 'Holland America Nieuw', 'https://images.pexels.com/photos/2044434/pexels-photo-2044434.jpeg', 'Kochi', 'Beypore', 5, '["2024-03-14", "2024-03-21", "2024-03-28", "2024-04-04", "2024-04-11"]', '["Culinary Arts Center", "Observatory", "Library", "Spa", "Classical Music", "Enrichment Programs"]', 42000.00, '["Interior", "Ocean View", "Balcony", "Suite"]', '["All Inclusive", "Premium Plus"]', 'Sophisticated cruising with enrichment programs and culinary excellence. For the discerning traveler.', 'Premium Ship', 'Holland America Line', 1800, 4.4, 145, false),
('650e8400-e29b-41d4-a716-446655440009', 'Anthem of the Seas', 'https://images.pexels.com/photos/1320684/pexels-photo-1320684.jpeg', 'Mumbai', 'Dubai', 8, '["2024-04-12", "2024-04-19", "2024-04-26", "2024-05-03", "2024-05-10"]', '["Sky Diving Simulator", "Robot Bartenders", "Bumper Cars", "Surf Simulator", "Rock Climbing", "FlowRider"]', 65000.00, '["Interior", "Ocean View", "Balcony", "Suite", "Penthouse"]', '["All Inclusive", "Premium Plus", "Basic Plus"]', 'Revolutionary cruise ship with cutting-edge technology and thrilling activities. The future of cruising is here.', 'Quantum Class', 'Royal Caribbean', 4000, 4.6, 278, true),
('650e8400-e29b-41d4-a716-446655440010', 'Seabourn Encore', 'https://images.pexels.com/photos/1078981/pexels-photo-1078981.jpeg', 'Chennai', 'Colombo', 6, '["2024-04-15", "2024-04-22", "2024-04-29", "2024-05-06", "2024-05-13"]', '["Ultra-Luxury Suites", "Personal Butler", "Michelin-Star Dining", "Marina Platform", "Spa Terrace", "Zodiac Expeditions"]', 95000.00, '["Ocean View", "Balcony", "Suite", "Penthouse"]', '["All Inclusive", "Premium Plus"]', 'Ultra-luxury small ship cruising with personalized service and exclusive experiences. Redefining luxury at sea.', 'Ultra-Luxury', 'Seabourn', 600, 4.9, 89, true),
('650e8400-e29b-41d4-a716-446655440011', 'Voyager of the Seas', 'https://images.pexels.com/photos/804463/pexels-photo-804463.jpeg', 'Mumbai', 'Maldives', 9, '["2024-05-01", "2024-05-08", "2024-05-15", "2024-05-22", "2024-05-29"]', '["Ice Skating", "Rock Climbing", "Mini Golf", "Promenade", "Adventure Ocean", "Casino"]', 72000.00, '["Interior", "Ocean View", "Balcony", "Suite"]', '["All Inclusive", "Premium Plus"]', 'Adventure-packed cruise to the tropical paradise of Maldives. Experience crystal-clear waters and pristine beaches.', 'Voyager Class', 'Royal Caribbean', 3800, 4.5, 234, true),
('650e8400-e29b-41d4-a716-446655440012', 'Oasis of the Seas', 'https://images.pexels.com/photos/1183099/pexels-photo-1183099.jpeg', 'Chennai', 'Singapore', 10, '["2024-05-05", "2024-05-12", "2024-05-19", "2024-05-26", "2024-06-02"]', '["Central Park", "Boardwalk", "AquaTheater", "Zip Line", "Surf Simulator", "Multiple Pools"]', 85000.00, '["Interior", "Ocean View", "Balcony", "Suite", "Penthouse"]', '["All Inclusive", "Premium Plus"]', 'The world''s most innovative cruise ship with neighborhoods at sea. Discover Singapore in style.', 'Oasis Class', 'Royal Caribbean', 5400, 4.7, 456, true),
('650e8400-e29b-41d4-a716-446655440013', 'Norwegian Epic', 'https://images.pexels.com/photos/261102/pexels-photo-261102.jpeg', 'Goa', 'Thailand', 12, '["2024-06-01", "2024-06-08", "2024-06-15", "2024-06-22", "2024-06-29"]', '["Water Park", "Bowling", "Multiple Restaurants", "Shows", "Spa", "Sports Complex"]', 78000.00, '["Interior", "Ocean View", "Balcony", "Suite"]', '["All Inclusive", "Premium Plus"]', 'Epic adventure to the exotic beaches of Thailand. Experience the perfect blend of relaxation and excitement.', 'Epic Class', 'Norwegian Cruise Line', 4100, 4.3, 189, false),
('650e8400-e29b-41d4-a716-446655440014', 'Celebrity Eclipse', 'https://images.pexels.com/photos/1078981/pexels-photo-1078981.jpeg', 'Mumbai', 'Sri Lanka', 7, '["2024-04-20", "2024-04-27", "2024-05-04", "2024-05-11", "2024-05-18"]', '["Lawn Club", "Hot Glass Show", "Wine Bar", "Spa", "Fitness Center", "Library"]', 55000.00, '["Interior", "Ocean View", "Balcony", "Suite"]', '["All Inclusive", "Premium Plus"]', 'Modern luxury cruise to the pearl of the Indian Ocean. Discover Sri Lanka''s rich culture and natural beauty.', 'Solstice Class', 'Celebrity Cruises', 2850, 4.4, 167, false),
('650e8400-e29b-41d4-a716-446655440015', 'Princess Crown', 'https://images.pexels.com/photos/2144326/pexels-photo-2144326.jpeg', 'Kochi', 'Andaman Islands', 8, '["2024-05-10", "2024-05-17", "2024-05-24", "2024-05-31", "2024-06-07"]', '["Movies Under Stars", "Sanctuary", "Piazza", "Spa", "Crown Grill", "Lotus Spa"]', 68000.00, '["Ocean View", "Balcony", "Suite", "Penthouse"]', '["All Inclusive", "Premium Plus"]', 'Exclusive journey to the pristine Andaman Islands. Experience untouched natural beauty and crystal-clear waters.', 'Crown Class', 'Princess Cruises', 3100, 4.6, 198, true);

-- Insert Hotels (15 luxury hotels across India)
INSERT INTO hotels (id, name, location, image, star_rating, price_per_night, available_room_types, meal_plans, amenities, available_from, description, hotel_type, hotel_chain, total_rooms, rating, review_count, is_featured) VALUES
('750e8400-e29b-41d4-a716-446655440001', 'The Oberoi Mumbai', 'Mumbai, Maharashtra', 'https://images.pexels.com/photos/258154/pexels-photo-258154.jpeg', 5, 25000.00, '["Deluxe Room", "Premier Room", "Luxury Suite", "Presidential Suite"]', '["Room Only", "Breakfast Included", "Half Board", "Full Board"]', '["Spa", "Pool", "Gym", "Wi-Fi", "AC", "Parking", "Pet Friendly", "Garden", "Business Center", "Concierge"]', '["2024-03-15", "2024-03-22", "2024-03-29", "2024-04-05"]', 'Experience luxury redefined at The Oberoi Mumbai with panoramic views of the Arabian Sea and world-class amenities.', 'Luxury', 'Oberoi Hotels', 287, 4.8, 1245, true),
('750e8400-e29b-41d4-a716-446655440002', 'Taj Lake Palace Udaipur', 'Udaipur, Rajasthan', 'https://images.pexels.com/photos/1134176/pexels-photo-1134176.jpeg', 5, 35000.00, '["Palace Room", "Grand Royal Suite", "Presidential Suite"]', '["Breakfast Included", "Half Board", "Full Board"]', '["Spa", "Pool", "Wi-Fi", "AC", "Garden", "Pet Friendly", "Heritage Tours", "Boat Service"]', '["2024-03-18", "2024-03-25", "2024-04-01", "2024-04-08"]', 'A floating palace on Lake Pichola offering royal luxury and heritage charm in the heart of Rajasthan.', 'Luxury', 'Taj Hotels', 83, 4.9, 2156, true),
('750e8400-e29b-41d4-a716-446655440003', 'ITC Grand Chola Chennai', 'Chennai, Tamil Nadu', 'https://images.pexels.com/photos/271624/pexels-photo-271624.jpeg', 5, 18000.00, '["Executive Room", "Club Room", "Royal Suite"]', '["Room Only", "Breakfast Included", "Half Board"]', '["Spa", "Pool", "Gym", "Wi-Fi", "AC", "Parking", "Business Center", "Multiple Restaurants"]', '["2024-03-20", "2024-03-27", "2024-04-03", "2024-04-10"]', 'South India''s largest luxury hotel inspired by the grandeur of the Chola dynasty with modern amenities.', 'Business', 'ITC Hotels', 600, 4.6, 987, true),
('750e8400-e29b-41d4-a716-446655440004', 'The Leela Palace New Delhi', 'New Delhi, Delhi', 'https://images.pexels.com/photos/338504/pexels-photo-338504.jpeg', 5, 22000.00, '["Deluxe Room", "Club Room", "Royal Suite", "Presidential Suite"]', '["Room Only", "Breakfast Included", "Half Board", "Full Board"]', '["Spa", "Pool", "Gym", "Wi-Fi", "AC", "Parking", "Garden", "Butler Service"]', '["2024-03-16", "2024-03-23", "2024-03-30", "2024-04-06"]', 'Luxury hotel in the heart of New Delhi with world-class amenities and impeccable service.', 'Luxury', 'The Leela', 254, 4.7, 1567, true),
('750e8400-e29b-41d4-a716-446655440005', 'Goa Marriott Resort', 'Panaji, Goa', 'https://images.pexels.com/photos/261102/pexels-photo-261102.jpeg', 4, 12000.00, '["Standard Room", "Deluxe Room", "Suite"]', '["Room Only", "Breakfast Included", "Half Board"]', '["Pool", "Gym", "Wi-Fi", "AC", "Parking", "Pet Friendly", "Garden", "Beach Access"]', '["2024-03-21", "2024-03-28", "2024-04-04", "2024-04-11"]', 'Beachfront resort offering tropical luxury with stunning views of the Arabian Sea and pristine beaches.', 'Resort', 'Marriott', 233, 4.4, 789, false),
('750e8400-e29b-41d4-a716-446655440006', 'Hotel Clarks Amer Jaipur', 'Jaipur, Rajasthan', 'https://images.pexels.com/photos/1134176/pexels-photo-1134176.jpeg', 4, 8000.00, '["Standard Room", "Deluxe Room", "Executive Suite"]', '["Room Only", "Breakfast Included"]', '["Pool", "Gym", "Wi-Fi", "AC", "Parking", "Heritage Tours"]', '["2024-03-19", "2024-03-26", "2024-04-02", "2024-04-09"]', 'Heritage hotel in the Pink City offering traditional Rajasthani hospitality with modern comforts.', 'Heritage', 'Clarks Hotels', 195, 4.2, 456, false),
('750e8400-e29b-41d4-a716-446655440007', 'Hyatt Regency Kolkata', 'Kolkata, West Bengal', 'https://images.pexels.com/photos/271624/pexels-photo-271624.jpeg', 4, 10000.00, '["Standard Room", "Club Room", "Regency Suite"]', '["Room Only", "Breakfast Included", "Half Board"]', '["Spa", "Pool", "Gym", "Wi-Fi", "AC", "Parking", "Business Center"]', '["2024-03-17", "2024-03-24", "2024-03-31", "2024-04-07"]', 'Modern luxury hotel in the cultural capital of India with excellent business facilities and amenities.', 'Business', 'Hyatt', 233, 4.3, 678, false),
('750e8400-e29b-41d4-a716-446655440008', 'The Ashok New Delhi', 'New Delhi, Delhi', 'https://images.pexels.com/photos/338504/pexels-photo-338504.jpeg', 4, 7500.00, '["Standard Room", "Deluxe Room", "Suite"]', '["Room Only", "Breakfast Included"]', '["Pool", "Gym", "Wi-Fi", "AC", "Parking", "Garden", "Business Center"]', '["2024-03-14", "2024-03-21", "2024-03-28", "2024-04-04"]', 'Government-owned luxury hotel with spacious rooms and extensive facilities in the capital city.', 'Business', 'ITDC', 550, 4.1, 345, false),
('750e8400-e29b-41d4-a716-446655440009', 'Ritz-Carlton Mumbai', 'Mumbai, Maharashtra', 'https://images.pexels.com/photos/258154/pexels-photo-258154.jpeg', 5, 45000.00, '["Deluxe Room", "Club Level", "Executive Suite", "Presidential Suite"]', '["Room Only", "Breakfast Included", "Half Board", "Full Board"]', '["Spa", "Pool", "Gym", "Wi-Fi", "AC", "Parking", "Pet Friendly", "Garden", "Butler Service", "Concierge"]', '["2024-04-12", "2024-04-19", "2024-04-26", "2024-05-03"]', 'Legendary luxury hotel with impeccable service and stunning city views in the financial capital.', 'Luxury', 'Ritz-Carlton', 279, 4.9, 1876, true),
('750e8400-e29b-41d4-a716-446655440010', 'Four Seasons Bengaluru', 'Bangalore, Karnataka', 'https://images.pexels.com/photos/271624/pexels-photo-271624.jpeg', 5, 28000.00, '["Premier Room", "Executive Suite", "Four Seasons Suite"]', '["Room Only", "Breakfast Included", "Half Board"]', '["Spa", "Pool", "Gym", "Wi-Fi", "AC", "Parking", "Garden", "Business Center"]', '["2024-04-15", "2024-04-22", "2024-04-29", "2024-05-06"]', 'Contemporary luxury in India''s Silicon Valley with world-class amenities and personalized service.', 'Luxury', 'Four Seasons', 230, 4.7, 1234, true),
('750e8400-e29b-41d4-a716-446655440011', 'St. Regis Mumbai', 'Mumbai, Maharashtra', 'https://images.pexels.com/photos/258154/pexels-photo-258154.jpeg', 5, 38000.00, '["Deluxe Room", "Grand Deluxe", "St. Regis Suite", "Presidential Suite"]', '["Room Only", "Breakfast Included", "Half Board", "Full Board"]', '["Spa", "Pool", "Gym", "Wi-Fi", "AC", "Parking", "Butler Service", "Fine Dining"]', '["2024-04-10", "2024-04-17", "2024-04-24", "2024-05-01"]', 'Timeless luxury with bespoke service and sophisticated accommodations in the heart of Mumbai.', 'Luxury', 'St. Regis', 395, 4.8, 1567, true),
('750e8400-e29b-41d4-a716-446655440012', 'Wildflower Hall Shimla', 'Shimla, Himachal Pradesh', 'https://images.pexels.com/photos/338504/pexels-photo-338504.jpeg', 5, 32000.00, '["Deluxe Room", "Premier Room", "Suite", "Presidential Suite"]', '["Breakfast Included", "Half Board", "Full Board"]', '["Spa", "Gym", "Wi-Fi", "AC", "Parking", "Garden", "Mountain Views", "Adventure Sports"]', '["2024-04-05", "2024-04-12", "2024-04-19", "2024-04-26"]', 'Luxury mountain resort offering breathtaking Himalayan views and world-class hospitality.', 'Resort', 'Oberoi Hotels', 85, 4.6, 892, false),
('750e8400-e29b-41d4-a716-446655440013', 'Taj Falaknuma Palace Hyderabad', 'Hyderabad, Telangana', 'https://images.pexels.com/photos/1134176/pexels-photo-1134176.jpeg', 5, 42000.00, '["Historical Suite", "Grand Presidential Suite", "Taj Suite"]', '["Breakfast Included", "Half Board", "Full Board"]', '["Spa", "Pool", "Wi-Fi", "AC", "Garden", "Heritage Tours", "Fine Dining", "Butler Service"]', '["2024-04-08", "2024-04-15", "2024-04-22", "2024-04-29"]', 'A palace hotel offering royal luxury and heritage charm with panoramic views of Hyderabad.', 'Heritage', 'Taj Hotels', 60, 4.8, 1345, true),
('750e8400-e29b-41d4-a716-446655440014', 'The Oberoi Rajvilas Jaipur', 'Jaipur, Rajasthan', 'https://images.pexels.com/photos/1134176/pexels-photo-1134176.jpeg', 5, 48000.00, '["Premier Room", "Premier Villa", "Kohinoor Villa", "Royal Villa"]', '["Breakfast Included", "Half Board", "Full Board"]', '["Spa", "Pool", "Wi-Fi", "AC", "Garden", "Heritage Tours", "Elephant Rides", "Cultural Shows"]', '["2024-04-12", "2024-04-19", "2024-04-26", "2024-05-03"]', 'Luxury resort inspired by Rajasthani architecture offering royal experiences and cultural immersion.', 'Resort', 'Oberoi Hotels', 71, 4.9, 1678, true),
('750e8400-e29b-41d4-a716-446655440015', 'ITC Maurya New Delhi', 'New Delhi, Delhi', 'https://images.pexels.com/photos/338504/pexels-photo-338504.jpeg', 5, 20000.00, '["Executive Room", "Tower Room", "Maurya Club", "Presidential Suite"]', '["Room Only", "Breakfast Included", "Half Board"]', '["Spa", "Pool", "Gym", "Wi-Fi", "AC", "Parking", "Business Center", "Multiple Restaurants"]', '["2024-04-01", "2024-04-08", "2024-04-15", "2024-04-22"]', 'Iconic luxury hotel in the capital with impeccable service and world-class dining options.', 'Business', 'ITC Hotels', 438, 4.5, 2134, false);

-- Insert Bookings (15 realistic bookings with proper relationships)
INSERT INTO bookings (id, type, item_id, item_name, agent_id, agent_name, customer_name, customer_email, customer_phone, booking_date, travel_date, return_date, status, total_amount, commission_amount, payment_status, guests, special_requests, region, booking_details) VALUES
('850e8400-e29b-41d4-a716-446655440001', 'Cruise', '650e8400-e29b-41d4-a716-446655440001', 'Royal Caribbean Explorer', '550e8400-e29b-41d4-a716-446655440001', 'John Smith', 'Rahul Gupta', 'rahul.gupta@email.com', '+91 9123456789', '2024-02-15', '2024-03-15', '2024-03-22', 'Confirmed', 90000.00, 4500.00, 'Paid', 2, 'Balcony room preferred, vegetarian meals', 'Mumbai', '{"room_type": "Balcony", "meal_plan": "All Inclusive"}'),
('850e8400-e29b-41d4-a716-446655440002', 'Hotel', '750e8400-e29b-41d4-a716-446655440001', 'The Oberoi Mumbai', '550e8400-e29b-41d4-a716-446655440004', 'Priya Sharma', 'Anjali Mehta', 'anjali.mehta@email.com', '+91 9234567890', '2024-02-20', '2024-03-20', '2024-03-23', 'Confirmed', 75000.00, 4500.00, 'Paid', 2, 'Honeymoon package, late checkout', 'Delhi', '{"room_type": "Deluxe Room", "nights": 3}'),
('850e8400-e29b-41d4-a716-446655440003', 'Cruise', '650e8400-e29b-41d4-a716-446655440004', 'Princess Sapphire', '550e8400-e29b-41d4-a716-446655440005', 'Rajesh Kumar', 'Vikash Sharma', 'vikash.sharma@email.com', '+91 9345678901', '2024-02-25', '2024-03-30', '2024-04-05', 'Pending', 156000.00, 8580.00, 'Pending', 3, 'Family with one child, connecting rooms', 'Bangalore', '{"room_type": "Suite", "meal_plan": "All Inclusive"}'),
('850e8400-e29b-41d4-a716-446655440004', 'Hotel', '750e8400-e29b-41d4-a716-446655440002', 'Taj Lake Palace Udaipur', '550e8400-e29b-41d4-a716-446655440007', 'Vikram Singh', 'Deepak Agarwal', 'deepak.agarwal@email.com', '+91 9456789012', '2024-03-01', '2024-04-01', '2024-04-04', 'Confirmed', 105000.00, 5512.50, 'Paid', 2, 'Anniversary celebration, special dinner', 'Jaipur', '{"room_type": "Palace Room", "nights": 3}'),
('850e8400-e29b-41d4-a716-446655440005', 'Cruise', '650e8400-e29b-41d4-a716-446655440007', 'Disney Wonder', '550e8400-e29b-41d4-a716-446655440010', 'Kavya Nair', 'Ravi Krishnan', 'ravi.krishnan@email.com', '+91 9567890123', '2024-03-05', '2024-04-07', '2024-04-11', 'Confirmed', 192000.00, 12000.00, 'Paid', 4, 'Family with two children, kids club enrollment', 'Kochi', '{"room_type": "Balcony", "meal_plan": "All Inclusive"}'),
('850e8400-e29b-41d4-a716-446655440006', 'Hotel', '750e8400-e29b-41d4-a716-446655440005', 'Goa Marriott Resort', '550e8400-e29b-41d4-a716-446655440012', 'Deepika Iyer', 'Sunita Reddy', 'sunita.reddy@email.com', '+91 9678901234', '2024-03-08', '2024-04-15', '2024-04-18', 'Confirmed', 36000.00, 1980.00, 'Paid', 2, 'Beach view room, spa treatments', 'Hyderabad', '{"room_type": "Deluxe Room", "nights": 3}'),
('850e8400-e29b-41d4-a716-446655440007', 'Cruise', '650e8400-e29b-41d4-a716-446655440010', 'Seabourn Encore', '550e8400-e29b-41d4-a716-446655440001', 'John Smith', 'Arjun Malhotra', 'arjun.malhotra@email.com', '+91 9789012345', '2024-03-10', '2024-05-06', '2024-05-12', 'Confirmed', 190000.00, 9500.00, 'Paid', 2, 'Ultra-luxury experience, butler service', 'Mumbai', '{"room_type": "Suite", "meal_plan": "All Inclusive"}'),
('850e8400-e29b-41d4-a716-446655440008', 'Hotel', '750e8400-e29b-41d4-a716-446655440009', 'Ritz-Carlton Mumbai', '550e8400-e29b-41d4-a716-446655440004', 'Priya Sharma', 'Neha Kapoor', 'neha.kapoor@email.com', '+91 9890123456', '2024-03-12', '2024-04-20', '2024-04-22', 'Confirmed', 90000.00, 5400.00, 'Paid', 2, 'Business trip, club level access', 'Delhi', '{"room_type": "Club Level", "nights": 2}'),
('850e8400-e29b-41d4-a716-446655440009', 'Cruise', '650e8400-e29b-41d4-a716-446655440012', 'Oasis of the Seas', '550e8400-e29b-41d4-a716-446655440008', 'Meera Reddy', 'Kiran Patel', 'kiran.patel@email.com', '+91 9901234567', '2024-03-15', '2024-05-19', '2024-05-29', 'Pending', 255000.00, 14662.50, 'Pending', 3, 'Group booking, special dietary requirements', 'Chennai', '{"room_type": "Balcony", "meal_plan": "All Inclusive"}'),
('850e8400-e29b-41d4-a716-446655440010', 'Hotel', '750e8400-e29b-41d4-a716-446655440013', 'Taj Falaknuma Palace Hyderabad', '550e8400-e29b-41d4-a716-446655440014', 'Sneha Das', 'Amit Joshi', 'amit.joshi@email.com', '+91 9012345678', '2024-03-18', '2024-04-22', '2024-04-25', 'Confirmed', 126000.00, 7245.00, 'Paid', 2, 'Heritage experience, palace tour', 'Bhubaneswar', '{"room_type": "Historical Suite", "nights": 3}'),
('850e8400-e29b-41d4-a716-446655440011', 'Cruise', '650e8400-e29b-41d4-a716-446655440015', 'Princess Crown', '550e8400-e29b-41d4-a716-446655440015', 'Karthik Krishnan', 'Pooja Nair', 'pooja.nair@email.com', '+91 9123450987', '2024-03-20', '2024-05-24', '2024-06-01', 'Confirmed', 136000.00, 8160.00, 'Paid', 2, 'Adventure cruise, diving excursions', 'Coimbatore', '{"room_type": "Balcony", "meal_plan": "All Inclusive"}'),
('850e8400-e29b-41d4-a716-446655440012', 'Hotel', '750e8400-e29b-41d4-a716-446655440014', 'The Oberoi Rajvilas Jaipur', '550e8400-e29b-41d4-a716-446655440007', 'Vikram Singh', 'Sanjay Gupta', 'sanjay.gupta@email.com', '+91 9234561098', '2024-03-22', '2024-04-26', '2024-04-29', 'Confirmed', 144000.00, 7560.00, 'Paid', 2, 'Royal experience, elephant safari', 'Jaipur', '{"room_type": "Premier Villa", "nights": 3}'),
('850e8400-e29b-41d4-a716-446655440013', 'Cruise', '650e8400-e29b-41d4-a716-446655440011', 'Voyager of the Seas', '550e8400-e29b-41d4-a716-446655440005', 'Rajesh Kumar', 'Manish Sharma', 'manish.sharma@email.com', '+91 9345672109', '2024-03-25', '2024-05-15', '2024-05-24', 'Cancelled', 144000.00, 7920.00, 'Refunded', 2, 'Cancelled due to personal reasons', 'Bangalore', '{"room_type": "Ocean View", "meal_plan": "All Inclusive"}'),
('850e8400-e29b-41d4-a716-446655440014', 'Hotel', '750e8400-e29b-41d4-a716-446655440010', 'Four Seasons Bengaluru', '550e8400-e29b-41d4-a716-446655440012', 'Deepika Iyer', 'Pradeep Kumar', 'pradeep.kumar@email.com', '+91 9456783210', '2024-03-28', '2024-05-10', '2024-05-13', 'Confirmed', 84000.00, 4620.00, 'Paid', 2, 'Business conference, meeting rooms', 'Hyderabad', '{"room_type": "Premier Room", "nights": 3}'),
('850e8400-e29b-41d4-a716-446655440015', 'Cruise', '650e8400-e29b-41d4-a716-446655440014', 'Celebrity Eclipse', '550e8400-e29b-41d4-a716-446655440010', 'Kavya Nair', 'Lakshmi Iyer', 'lakshmi.iyer@email.com', '+91 9567894321', '2024-03-30', '2024-05-18', '2024-05-25', 'Confirmed', 110000.00, 6875.00, 'Paid', 2, 'Cultural cruise, photography workshops', 'Kochi', '{"room_type": "Balcony", "meal_plan": "Premium Plus"}');

-- Insert Complaints (12 realistic customer complaints)
INSERT INTO complaints (id, booking_id, agent_id, customer_name, customer_email, customer_phone, subject, description, status, priority, category, assigned_to) VALUES
('950e8400-e29b-41d4-a716-446655440001', '850e8400-e29b-41d4-a716-446655440001', '550e8400-e29b-41d4-a716-446655440001', 'Rahul Gupta', 'rahul.gupta@email.com', '+91 9123456789', 'Room Service Delay', 'Room service was consistently slow during our cruise. We had to wait over an hour for simple requests.', 'Resolved', 'Medium', 'Service Quality', '550e8400-e29b-41d4-a716-446655440002'),
('950e8400-e29b-41d4-a716-446655440002', '850e8400-e29b-41d4-a716-446655440002', '550e8400-e29b-41d4-a716-446655440004', 'Anjali Mehta', 'anjali.mehta@email.com', '+91 9234567890', 'Air Conditioning Issue', 'The AC in our hotel room was not working properly. It was very uncomfortable during our stay.', 'In Progress', 'High', 'Facility Issue', '550e8400-e29b-41d4-a716-446655440006'),
('950e8400-e29b-41d4-a716-446655440003', '850e8400-e29b-41d4-a716-446655440005', '550e8400-e29b-41d4-a716-446655440010', 'Ravi Krishnan', 'ravi.krishnan@email.com', '+91 9567890123', 'Kids Club Overcrowded', 'The kids club was overcrowded and understaffed. Our children did not enjoy the activities as promised.', 'Open', 'Medium', 'Service Quality', NULL),
('950e8400-e29b-41d4-a716-446655440004', '850e8400-e29b-41d4-a716-446655440004', '550e8400-e29b-41d4-a716-446655440007', 'Deepak Agarwal', 'deepak.agarwal@email.com', '+91 9456789012', 'Billing Discrepancy', 'There was an error in our final bill. We were charged for services we did not use.', 'Resolved', 'High', 'Billing', '550e8400-e29b-41d4-a716-446655440002'),
('950e8400-e29b-41d4-a716-446655440005', '850e8400-e29b-41d4-a716-446655440006', '550e8400-e29b-41d4-a716-446655440012', 'Sunita Reddy', 'sunita.reddy@email.com', '+91 9678901234', 'Spa Appointment Cancelled', 'Our spa appointments were cancelled without notice, ruining our relaxation plans.', 'In Progress', 'Medium', 'Service Quality', '550e8400-e29b-41d4-a716-446655440011'),
('950e8400-e29b-41d4-a716-446655440006', NULL, '550e8400-e29b-41d4-a716-446655440008', 'Rajesh Patel', 'rajesh.patel@email.com', '+91 9789012345', 'Booking Confirmation Delay', 'It took over 48 hours to receive booking confirmation, causing anxiety about our travel plans.', 'Open', 'Low', 'Booking Process', NULL),
('950e8400-e29b-41d4-a716-446655440007', '850e8400-e29b-41d4-a716-446655440008', '550e8400-e29b-41d4-a716-446655440004', 'Neha Kapoor', 'neha.kapoor@email.com', '+91 9890123456', 'Internet Connectivity Poor', 'WiFi was extremely slow and unreliable throughout our stay, affecting our business work.', 'Resolved', 'Medium', 'Facility Issue', '550e8400-e29b-41d4-a716-446655440006'),
('950e8400-e29b-41d4-a716-446655440008', '850e8400-e29b-41d4-a716-446655440013', '550e8400-e29b-41d4-a716-446655440005', 'Manish Sharma', 'manish.sharma@email.com', '+91 9345672109', 'Cancellation Refund Delay', 'Our cancellation refund is taking longer than the promised 7-10 business days.', 'Escalated', 'High', 'Refund', '550e8400-e29b-41d4-a716-446655440003'),
('950e8400-e29b-41d4-a716-446655440009', '850e8400-e29b-41d4-a716-446655440010', '550e8400-e29b-41d4-a716-446655440014', 'Amit Joshi', 'amit.joshi@email.com', '+91 9012345678', 'Food Quality Poor', 'The food quality at the hotel restaurant was below expectations for a 5-star property.', 'In Progress', 'Medium', 'Food & Beverage', '550e8400-e29b-41d4-a716-446655440011'),
('950e8400-e29b-41d4-a716-446655440010', '850e8400-e29b-41d4-a716-446655440011', '550e8400-e29b-41d4-a716-446655440015', 'Pooja Nair', 'pooja.nair@email.com', '+91 9123450987', 'Excursion Cancelled', 'Our diving excursion was cancelled due to weather, but no alternative was offered.', 'Open', 'Medium', 'Activities', NULL),
('950e8400-e29b-41d4-a716-446655440011', NULL, '550e8400-e29b-41d4-a716-446655440001', 'Suresh Kumar', 'suresh.kumar@email.com', '+91 9234561087', 'Agent Unresponsive', 'Our travel agent has not been responding to our queries for the past 3 days.', 'Open', 'High', 'Agent Communication', NULL),
('950e8400-e29b-41d4-a716-446655440012', '850e8400-e29b-41d4-a716-446655440015', '550e8400-e29b-41d4-a716-446655440010', 'Lakshmi Iyer', 'lakshmi.iyer@email.com', '+91 9567894321', 'Photography Workshop Cancelled', 'The photography workshop mentioned in the cruise itinerary was cancelled without prior notice.', 'Resolved', 'Low', 'Activities', '550e8400-e29b-41d4-a716-446655440002');

-- Insert Offers (12 promotional offers)
INSERT INTO offers (id, offer_code, title, description, discount_type, discount_value, valid_from, valid_to, applicable_for, status, created_by, usage_count, max_usage, min_booking_amount, regions) VALUES
('a50e8400-e29b-41d4-a716-446655440001', 'EARLY2024', 'Early Bird Special 2024', 'Book your cruise 60 days in advance and save 15% on your total booking amount.', 'Percentage', 15.00, '2024-01-01', '2024-06-30', 'Cruises', 'Active', '550e8400-e29b-41d4-a716-446655440003', 45, 100, 30000.00, '["Mumbai", "Chennai", "Kochi", "Goa"]'),
('a50e8400-e29b-41d4-a716-446655440002', 'LUXURY25', 'Luxury Hotel Discount', 'Enjoy 25% off on luxury hotel bookings for stays of 3 nights or more.', 'Percentage', 25.00, '2024-02-01', '2024-05-31', 'Hotels', 'Active', '550e8400-e29b-41d4-a716-446655440002', 23, 50, 50000.00, '["Mumbai", "Delhi", "Bangalore"]'),
('a50e8400-e29b-41d4-a716-446655440003', 'FAMILY500', 'Family Fun Package', 'Flat ₹5000 off on family bookings with 3 or more guests.', 'Fixed Amount', 5000.00, '2024-03-01', '2024-08-31', 'Both', 'Active', '550e8400-e29b-41d4-a716-446655440003', 67, 200, 25000.00, '["All Regions"]'),
('a50e8400-e29b-41d4-a716-446655440004', 'HONEYMOON20', 'Honeymoon Special', 'Celebrate your love with 20% off on romantic cruise and hotel packages.', 'Percentage', 20.00, '2024-01-15', '2024-12-31', 'Both', 'Active', '550e8400-e29b-41d4-a716-446655440002', 34, 75, 40000.00, '["Mumbai", "Goa", "Udaipur", "Kerala"]'),
('a50e8400-e29b-41d4-a716-446655440005', 'WEEKEND10', 'Weekend Getaway', '10% discount on weekend hotel bookings for quick escapes.', 'Percentage', 10.00, '2024-02-15', '2024-07-15', 'Hotels', 'Active', '550e8400-e29b-41d4-a716-446655440006', 89, 150, 15000.00, '["Mumbai", "Delhi", "Bangalore", "Chennai"]'),
('a50e8400-e29b-41d4-a716-446655440006', 'SENIOR15', 'Senior Citizen Discount', 'Special 15% discount for travelers above 60 years of age.', 'Percentage', 15.00, '2024-01-01', '2024-12-31', 'Both', 'Active', '550e8400-e29b-41d4-a716-446655440003', 28, 100, 20000.00, '["All Regions"]'),
('a50e8400-e29b-41d4-a716-446655440007', 'GROUP1000', 'Group Booking Discount', 'Flat ₹10000 off on group bookings of 5 or more people.', 'Fixed Amount', 10000.00, '2024-02-01', '2024-09-30', 'Cruises', 'Active', '550e8400-e29b-41d4-a716-446655440002', 12, 30, 100000.00, '["Mumbai", "Chennai", "Kochi"]'),
('a50e8400-e29b-41d4-a716-446655440008', 'LASTMINUTE', 'Last Minute Deals', '30% off on bookings made within 7 days of travel date.', 'Percentage', 30.00, '2024-03-01', '2024-06-30', 'Hotels', 'Active', '550e8400-e29b-41d4-a716-446655440011', 56, 80, 10000.00, '["All Regions"]'),
('a50e8400-e29b-41d4-a716-446655440009', 'LOYALTY12', 'Loyalty Reward', '12% discount for repeat customers on their next booking.', 'Percentage', 12.00, '2024-01-01', '2024-12-31', 'Both', 'Active', '550e8400-e29b-41d4-a716-446655440003', 78, 200, 25000.00, '["All Regions"]'),
('a50e8400-e29b-41d4-a716-446655440010', 'MONSOON2024', 'Monsoon Special', 'Beat the heat with 18% off on all cruise bookings during monsoon season.', 'Percentage', 18.00, '2024-06-01', '2024-09-30', 'Cruises', 'Inactive', '550e8400-e29b-41d4-a716-446655440002', 0, 100, 35000.00, '["Mumbai", "Goa", "Chennai"]'),
('a50e8400-e29b-41d4-a716-446655440011', 'FESTIVE2024', 'Festival Season Offer', 'Celebrate festivals with ₹7500 off on luxury bookings.', 'Fixed Amount', 7500.00, '2024-10-01', '2024-11-30', 'Both', 'Inactive', '550e8400-e29b-41d4-a716-446655440003', 0, 60, 60000.00, '["All Regions"]'),
('a50e8400-e29b-41d4-a716-446655440012', 'NEWYEAR25', 'New Year Celebration', '25% off on New Year cruise packages for an unforgettable celebration.', 'Percentage', 25.00, '2024-11-01', '2024-12-31', 'Cruises', 'Inactive', '550e8400-e29b-41d4-a716-446655440002', 0, 40, 80000.00, '["Mumbai", "Chennai", "Kochi"]');

-- Insert Reviews (15 detailed customer reviews)
INSERT INTO reviews (id, booking_id, item_type, item_id, customer_name, customer_email, rating, title, comment, aspects, helpful_count, verified, status) VALUES
('b50e8400-e29b-41d4-a716-446655440001', '850e8400-e29b-41d4-a716-446655440001', 'Cruise', '650e8400-e29b-41d4-a716-446655440001', 'Rahul Gupta', 'rahul.gupta@email.com', 5, 'Absolutely Amazing Experience!', 'The Royal Caribbean Explorer exceeded all our expectations. The staff was incredibly friendly, the food was delicious, and the entertainment was world-class. The balcony room provided stunning ocean views. Highly recommended for couples and families alike.', '{"service": 5, "food": 5, "entertainment": 5, "cleanliness": 4, "value": 4}', 12, true, 'Published'),
('b50e8400-e29b-41d4-a716-446655440002', '850e8400-e29b-41d4-a716-446655440002', 'Hotel', '750e8400-e29b-41d4-a716-446655440001', 'Anjali Mehta', 'anjali.mehta@email.com', 4, 'Luxury at its Best', 'The Oberoi Mumbai is truly a luxury experience. The rooms are spacious and elegantly designed. The sea view from our room was breathtaking. The spa services were exceptional. Only minor issue was the slow room service during peak hours.', '{"service": 4, "cleanliness": 5, "location": 5, "amenities": 5, "value": 3}', 8, true, 'Published'),
('b50e8400-e29b-41d4-a716-446655440003', '850e8400-e29b-41d4-a716-446655440005', 'Cruise', '650e8400-e29b-41d4-a716-446655440007', 'Ravi Krishnan', 'ravi.krishnan@email.com', 5, 'Perfect Family Vacation', 'Disney Wonder made our family vacation magical! The kids absolutely loved meeting Disney characters. The shows were spectacular and the kids club kept our children entertained for hours. The staff went above and beyond to make our trip special.', '{"service": 5, "entertainment": 5, "family_friendly": 5, "food": 4, "cleanliness": 5}', 15, true, 'Published'),
('b50e8400-e29b-41d4-a716-446655440004', '850e8400-e29b-41d4-a716-446655440004', 'Hotel', '750e8400-e29b-41d4-a716-446655440002', 'Deepak Agarwal', 'deepak.agarwal@email.com', 5, 'Royal Treatment in Udaipur', 'Taj Lake Palace is like living in a fairy tale. The palace architecture is stunning and the lake views are mesmerizing. The heritage walk was informative and the royal dinner was unforgettable. Perfect for special occasions.', '{"service": 5, "ambiance": 5, "food": 5, "heritage": 5, "value": 4}', 20, true, 'Published'),
('b50e8400-e29b-41d4-a716-446655440005', '850e8400-e29b-41d4-a716-446655440007', 'Cruise', '650e8400-e29b-41d4-a716-446655440010', 'Arjun Malhotra', 'arjun.malhotra@email.com', 5, 'Ultra-Luxury Redefined', 'Seabourn Encore is the epitome of luxury cruising. The suite was magnificent with a personal butler who anticipated our every need. The dining was Michelin-star quality and the spa was world-class. Worth every penny for a special celebration.', '{"service": 5, "luxury": 5, "food": 5, "suite": 5, "value": 4}', 18, true, 'Published'),
('b50e8400-e29b-41d4-a716-446655440006', '850e8400-e29b-41d4-a716-446655440008', 'Hotel', '750e8400-e29b-41d4-a716-446655440009', 'Neha Kapoor', 'neha.kapoor@email.com', 4, 'Business Travel Excellence', 'Ritz-Carlton Mumbai is perfect for business travelers. The club level access was convenient with excellent breakfast and evening cocktails. The business center was well-equipped and the location is ideal for meetings in the financial district.', '{"service": 4, "business_facilities": 5, "location": 5, "food": 4, "value": 3}', 6, true, 'Published'),
('b50e8400-e29b-41d4-a716-446655440007', '850e8400-e29b-41d4-a716-446655440010', 'Hotel', '750e8400-e29b-41d4-a716-446655440013', 'Amit Joshi', 'amit.joshi@email.com', 4, 'Heritage Luxury Experience', 'Taj Falaknuma Palace offers a unique heritage experience. The palace tour was fascinating and the architecture is breathtaking. The rooms are spacious with period furniture. The only downside was limited modern amenities in some areas.', '{"heritage": 5, "service": 4, "ambiance": 5, "food": 4, "modern_amenities": 3}', 11, true, 'Published'),
('b50e8400-e29b-41d4-a716-446655440008', '850e8400-e29b-41d4-a716-446655440011', 'Cruise', '650e8400-e29b-41d4-a716-446655440015', 'Pooja Nair', 'pooja.nair@email.com', 4, 'Adventure to Andaman', 'Princess Crown provided an excellent gateway to the Andaman Islands. The snorkeling and diving opportunities were fantastic. The ship amenities were good, though some areas felt crowded during peak times. The destination made up for any minor inconveniences.', '{"adventure": 5, "destination": 5, "service": 4, "facilities": 3, "value": 4}', 9, true, 'Published'),
('b50e8400-e29b-41d4-a716-446655440009', '850e8400-e29b-41d4-a716-446655440012', 'Hotel', '750e8400-e29b-41d4-a716-446655440014', 'Sanjay Gupta', 'sanjay.gupta@email.com', 5, 'Royal Rajasthan Experience', 'The Oberoi Rajvilas exceeded our expectations in every way. The villa was stunning with a private pool and garden. The elephant safari was a highlight and the cultural performances were authentic. The spa treatments were rejuvenating.', '{"luxury": 5, "cultural_experience": 5, "service": 5, "amenities": 5, "value": 4}', 16, true, 'Published'),
('b50e8400-e29b-41d4-a716-446655440010', '850e8400-e29b-41d4-a716-446655440014', 'Hotel', '750e8400-e29b-41d4-a716-446655440010', 'Pradeep Kumar', 'pradeep.kumar@email.com', 4, 'Modern Luxury in Bangalore', 'Four Seasons Bengaluru offers contemporary luxury with excellent service. The rooms are modern and well-appointed. The location is convenient for business meetings. The breakfast spread was impressive with both Indian and international options.', '{"service": 4, "modern_amenities": 5, "location": 4, "food": 4, "value": 4}', 7, true, 'Published'),
('b50e8400-e29b-41d4-a716-446655440011', '850e8400-e29b-41d4-a716-446655440015', 'Cruise', '650e8400-e29b-41d4-a716-446655440014', 'Lakshmi Iyer', 'lakshmi.iyer@email.com', 4, 'Cultural Journey to Sri Lanka', 'Celebrity Eclipse provided a wonderful cultural journey to Sri Lanka. The onboard enrichment programs were educational and the destination excursions were well-organized. The ship facilities were modern and comfortable.', '{"cultural_experience": 5, "education": 4, "service": 4, "facilities": 4, "value": 4}', 10, true, 'Published'),
('b50e8400-e29b-41d4-a716-446655440012', NULL, 'Cruise', '650e8400-e29b-41d4-a716-446655440002', 'Kavita Sharma', 'kavita.sharma@email.com', 5, 'Elegant Celebrity Experience', 'Celebrity Infinity offers sophisticated cruising with excellent dining options. The specialty restaurants were outstanding and the wine selection was impressive. The art gallery and library provided quiet spaces for relaxation.', '{"dining": 5, "sophistication": 5, "service": 4, "entertainment": 4, "value": 4}', 13, false, 'Published'),
('b50e8400-e29b-41d4-a716-446655440013', NULL, 'Hotel', '750e8400-e29b-41d4-a716-446655440003', 'Ramesh Patel', 'ramesh.patel@email.com', 4, 'Grand Chola Hospitality', 'ITC Grand Chola Chennai impressed us with its grand architecture and warm hospitality. The multiple dining options were excellent and the spa was relaxing. The location is convenient for exploring Chennai.', '{"hospitality": 5, "dining": 4, "architecture": 5, "location": 4, "value": 4}', 8, false, 'Published'),
('b50e8400-e29b-41d4-a716-446655440014', NULL, 'Cruise', '650e8400-e29b-41d4-a716-446655440003', 'Anita Desai', 'anita.desai@email.com', 4, 'Family Fun on Norwegian Gem', 'Norwegian Gem was perfect for our family vacation. The kids loved the water slides and the freestyle dining concept worked well for us. The entertainment was varied and engaging for all ages.', '{"family_friendly": 5, "entertainment": 4, "dining": 4, "facilities": 4, "value": 4}', 11, false, 'Published'),
('b50e8400-e29b-41d4-a716-446655440015', NULL, 'Hotel', '750e8400-e29b-41d4-a716-446655440004', 'Sunil Reddy', 'sunil.reddy@email.com', 5, 'Leela Palace Excellence', 'The Leela Palace New Delhi provided exceptional service from check-in to check-out. The rooms were luxurious and the location in the heart of Delhi was perfect for sightseeing. The concierge team was extremely helpful.', '{"service": 5, "luxury": 5, "location": 5, "concierge": 5, "value": 4}', 14, false, 'Published');

-- Insert Notifications (12 system notifications)
INSERT INTO notifications (id, user_id, type, title, message, data, read, priority) VALUES
('c50e8400-e29b-41d4-a716-446655440001', '550e8400-e29b-41d4-a716-446655440001', 'booking', 'Booking Confirmed', 'Your cruise booking for Royal Caribbean Explorer has been confirmed. Booking reference: CR20240215001', '{"booking_id": "850e8400-e29b-41d4-a716-446655440001", "amount": 90000}', true, 'normal'),
('c50e8400-e29b-41d4-a716-446655440002', '550e8400-e29b-41d4-a716-446655440004', 'payment', 'Payment Successful', 'Payment of ₹75,000 for The Oberoi Mumbai booking has been processed successfully.', '{"booking_id": "850e8400-e29b-41d4-a716-446655440002", "amount": 75000}', true, 'normal'),
('c50e8400-e29b-41d4-a716-446655440003', '550e8400-e29b-41d4-a716-446655440005', 'booking', 'Booking Pending', 'Your cruise booking for Princess Sapphire is pending payment confirmation.', '{"booking_id": "850e8400-e29b-41d4-a716-446655440003", "amount": 156000}', false, 'high'),
('c50e8400-e29b-41d4-a716-446655440004', '550e8400-e29b-41d4-a716-446655440007', 'promotion', 'Special Offer Available', 'New honeymoon package offer: 20% off on romantic getaways. Use code HONEYMOON20', '{"offer_code": "HONEYMOON20", "discount": 20}', false, 'normal'),
('c50e8400-e29b-41d4-a716-446655440005', '550e8400-e29b-41d4-a716-446655440010', 'system', 'Profile Update Required', 'Please update your profile information to ensure smooth booking process.', '{"action_required": "profile_update"}', false, 'low'),
('c50e8400-e29b-41d4-a716-446655440006', '550e8400-e29b-41d4-a716-446655440012', 'complaint', 'Complaint Resolved', 'Your complaint regarding spa appointment cancellation has been resolved. Compensation has been processed.', '{"complaint_id": "950e8400-e29b-41d4-a716-446655440005"}', true, 'normal'),
('c50e8400-e29b-41d4-a716-446655440007', '550e8400-e29b-41d4-a716-446655440001', 'booking', 'Travel Reminder', 'Your cruise departure is in 7 days. Please ensure all documents are ready.', '{"booking_id": "850e8400-e29b-41d4-a716-446655440007", "days_remaining": 7}', false, 'high'),
('c50e8400-e29b-41d4-a716-446655440008', '550e8400-e29b-41d4-a716-446655440004', 'system', 'Commission Credited', 'Your commission of ₹5,400 for recent bookings has been credited to your account.', '{"commission_amount": 5400, "bookings_count": 2}', true, 'normal'),
('c50e8400-e29b-41d4-a716-446655440009', '550e8400-e29b-41d4-a716-446655440008', 'booking', 'Booking Cancelled', 'Booking for Oasis of the Seas has been cancelled as requested. Refund will be processed within 5-7 business days.', '{"booking_id": "850e8400-e29b-41d4-a716-446655440009", "refund_amount": 255000}', false, 'normal'),
('c50e8400-e29b-41d4-a716-446655440010', '550e8400-e29b-41d4-a716-446655440014', 'promotion', 'Last Minute Deal Alert', 'Exclusive last-minute deals available! Up to 30% off on selected hotels.', '{"offer_code": "LASTMINUTE", "discount": 30}', false, 'normal'),
('c50e8400-e29b-41d4-a716-446655440011', '550e8400-e29b-41d4-a716-446655440015', 'system', 'Monthly Performance Report', 'Your monthly performance report is ready. You have achieved 120% of your target!', '{"performance": 120, "target_achieved": true}', false, 'normal'),
('c50e8400-e29b-41d4-a716-446655440012', '550e8400-e29b-41d4-a716-446655440010', 'booking', 'Review Request', 'How was your experience with Princess Crown? Please share your feedback to help other travelers.', '{"booking_id": "850e8400-e29b-41d4-a716-446655440011", "review_link": "/reviews/new"}', false, 'low');

-- Insert Analytics Data (Sample monthly data)
INSERT INTO analytics (date, metric_type, metric_name, value, dimensions) VALUES
('2024-01-01', 'revenue', 'total_bookings', 2450000.00, '{"region": "Mumbai", "type": "Cruise"}'),
('2024-01-01', 'revenue', 'total_bookings', 1890000.00, '{"region": "Delhi", "type": "Hotel"}'),
('2024-01-01', 'bookings', 'count', 45.00, '{"region": "Mumbai", "type": "Cruise"}'),
('2024-01-01', 'bookings', 'count', 67.00, '{"region": "Delhi", "type": "Hotel"}'),
('2024-02-01', 'revenue', 'total_bookings', 2780000.00, '{"region": "Mumbai", "type": "Cruise"}'),
('2024-02-01', 'revenue', 'total_bookings', 2100000.00, '{"region": "Delhi", "type": "Hotel"}'),
('2024-02-01', 'bookings', 'count', 52.00, '{"region": "Mumbai", "type": "Cruise"}'),
('2024-02-01', 'bookings', 'count', 73.00, '{"region": "Delhi", "type": "Hotel"}'),
('2024-03-01', 'revenue', 'total_bookings', 3200000.00, '{"region": "Mumbai", "type": "Cruise"}'),
('2024-03-01', 'revenue', 'total_bookings', 2450000.00, '{"region": "Delhi", "type": "Hotel"}'),
('2024-03-01', 'bookings', 'count', 58.00, '{"region": "Mumbai", "type": "Cruise"}'),
('2024-03-01', 'bookings', 'count', 81.00, '{"region": "Delhi", "type": "Hotel"}'),
('2024-01-01', 'performance', 'conversion_rate', 78.50, '{"agent_id": "550e8400-e29b-41d4-a716-446655440001"}'),
('2024-02-01', 'performance', 'conversion_rate', 82.30, '{"agent_id": "550e8400-e29b-41d4-a716-446655440001"}'),
('2024-03-01', 'performance', 'conversion_rate', 85.70, '{"agent_id": "550e8400-e29b-41d4-a716-446655440001"}');

-- Update user statistics based on bookings
UPDATE users SET 
  total_bookings = (
    SELECT COUNT(*) FROM bookings 
    WHERE agent_id = users.id AND status != 'Cancelled'
  ),
  total_revenue = (
    SELECT COALESCE(SUM(total_amount), 0) FROM bookings 
    WHERE agent_id = users.id AND status != 'Cancelled'
  );

-- Update cruise and hotel ratings based on reviews
UPDATE cruises SET 
  rating = (
    SELECT COALESCE(AVG(rating), 0) FROM reviews 
    WHERE item_id = cruises.id AND item_type = 'Cruise' AND status = 'Published'
  ),
  review_count = (
    SELECT COUNT(*) FROM reviews 
    WHERE item_id = cruises.id AND item_type = 'Cruise' AND status = 'Published'
  );

UPDATE hotels SET 
  rating = (
    SELECT COALESCE(AVG(rating), 0) FROM reviews 
    WHERE item_id = hotels.id AND item_type = 'Hotel' AND status = 'Published'
  ),
  review_count = (
    SELECT COUNT(*) FROM reviews 
    WHERE item_id = hotels.id AND item_type = 'Hotel' AND status = 'Published'
  );